V-01580,1099471,TSXV,1844 Resources Inc.,EFF," 	2,315,736 "," 	115,786,809 ",Mining,,SK,Canada,QT from NEX,20120103,,,Y,,,,,,,,,,,,," 	14,060,403 "," 	248,243 ", 	539 ,12
V-02640,1112689,TSXV,1911 Gold Corporation,AUMB," 	269,824,262 "," 	306,618,480 ",Mining,,BC,Canada,Other,20180725,,,,Y,,,,,,,,,,,," 	318,086,779 "," 	188,772,094 "," 	92,427 ",12
V-00239,1094145,TSXV,A.I.S. Resources Limited,AIS," 	959,186 "," 	31,972,867 ",Mining,,BC,Canada,,,,,,,,,,,,,,,,,," 	4,155,947 "," 	131,582 ", 	302 ,10
V-01766,1023700,TSXV,A2 Gold Corp.,AUAU," 	78,003,439 "," 	95,126,145 ",Mining,,BC,Canada,Other,20180130,,OTCQX,,,,,,,,,,,,,," 	20,662,488 "," 	10,680,693 "," 	7,223 ",12
V-04268,1176201,TSXV,Abacus Mining & Exploration Corporation,AME," 	2,589,094 "," 	172,606,263 ",Mining,,BC,Canada,,,,,,,,,,,,,,,,,," 	11,072,682 "," 	230,803 ", 	683 ,12
V-02098,1094744,TSXV,Abasca Resources Inc.,ABA," 	8,382,116 "," 	119,744,512 ",Mining,,SK,Canada,RTO,20230111,,,,,,,,,,,,,,,," 	10,528,126 "," 	613,410 ", 	662 ,11
V-00605,30332,TSXV,Abcourt Mines Inc.,ABI," 	129,622,696 "," 	1,127,153,881 ",Mining,,QC,Canada,,,,OTCQB,,,,,,,,,,,,,," 	261,041,684 "," 	19,998,106 "," 	10,841 ",12
V-04175,1167845,TSXV,Aben Gold Corp.,ABM," 	1,974,892 "," 	23,234,022 ",Mining,,BC,Canada,,,,,,,,,,,,,,,,,," 	6,146,273 "," 	458,864 ", 	757 ,12
V-04476,1181623,TSXV,AC/DC Battery Metals Inc.,ACDC," 	2,075,402 "," 	51,885,044 ",Mining,,BC,Canada,Other,20240627,,OTCQB,,,,,,,,,,,,,," 	2,863,997 "," 	115,777 ", 	599 ,12
V-04741,1184961,TSXV,Adamera Minerals Corp.,ADZ," 	1,767,236 "," 	32,131,571 ",Mining,,BC,Canada,,20130219,,,,,,,,,,,,,,,," 	7,303,665 "," 	521,849 ", 	749 ,12
V-00791,1023681,TSXV,Adex Mining Inc.,ADE," 	30,474,515 "," 	677,211,441 ",Mining,,ON,Canada,Other,20070716,,,,,,,,,,,,,,,," 	48,288,846 "," 	1,318,547 "," 	1,843 ",12
V-04465,1181704,TSXV,Adyton Resources Corporation,ADY," 	91,757,356 "," 	311,041,885 ",Mining,,Australia,Australia/NZ/PNG,QT,20210224,,,Y,,,,,,,,,,,,," 	101,871,639 "," 	30,076,489 "," 	7,890 ",12
V-00638,1062291,TSXV,AE Fuels Corporation,AEF," 	5,386,352 "," 	41,433,479 ",Mining,,Australia,Australia/NZ/PNG,QT,20251229,,,Y,,,Newcastle,,,,,,,,,," 	343,671 "," 	62,738 ", 	83 ,5
V-01979,1078346,TSXV,Aeonian Resources Corp.,ALTN," 	10,085,147 "," 	61,122,100 ",Mining,,BC,Canada,QT,20250514,,,Y,,,,,,,,,,,,," 	13,498,726 "," 	760,700 ", 	812 ,8
V-00607,29301,TSXV,Aero Energy Limited,AERO," 	6,859,669 "," 	23,654,030 ",Mining,,BC,Canada,RTO from NEX,20201231,,,Y,,,,,,,,,,,,," 	53,804,711 "," 	2,140,970 "," 	3,123 ",12
V-04295,1176710,TSXV,AFR NuVenture Resources Inc.,AFR," 	252,101 "," 	25,210,111 ",Mining,,BC,Canada,,,,,,,,,,,,,,,,,," 	3,511,636 "," 	66,431 ", 	168 ,10
V-04691,1184650,TSXV,Aftermath Silver Ltd.,AAG," 	361,172,355 "," 	337,544,257 ",Mining,,BC,Canada,Other,20110712,,OTCQX,,Y,Y,,,,,,,,,,," 	222,548,288 "," 	166,146,713 "," 	78,160 ",12
V-01900,1023266,TSXV,Akwaaba Mining Ltd.,AML," 	1,754,771 "," 	14,623,092 ",Mining,,BC,Canada,QT,20110309,,,Y,,,,,,,,,,,,," 	248,339 "," 	30,245 ", 	107 ,12
V-00630,1024014,TSXV,Alaska Energy Metals Corporation,AEMC," 	26,684,722 "," 	190,605,159 ",Mining,,BC,Canada,Other,20050113,,OTCQB,,,,,,,,,,,,,," 	53,782,602 "," 	6,553,023 "," 	9,293 ",12
V-04770,1184887,TSXV,Alaska Silver Corp.,WAM," 	81,422,723 "," 	65,663,486 ",Mining,,AZ,USA,Other,20211115,,,,,,Tucson,,,,,,,,,," 	33,505,067 "," 	31,424,881 "," 	24,937 ",12
V-02834,1117566,TSXV,Aldebaran Resources Inc.,ALDE," 	629,091,865 "," 	171,414,677 ",Mining,,BC,Canada,Other,20181102,,OTCQX,,Y,,,,,,,,,,,," 	18,383,331 "," 	46,113,466 "," 	28,579 ",12
V-04342,1179000,TSXV,Algo Grande Copper Corp.,ALGR," 	16,931,739 "," 	31,946,678 ",Mining,,BC,Canada,QT from NEX,20170331,,,Y,,,,,,,,,,,,," 	1,442,549 "," 	575,468 ", 	393 ,9
V-01179,1099174,TSXV,Alliance Mining Corp.,ALM," 	1,834,863 "," 	9,174,316 ",Mining,,BC,Canada,Other,20120127,,,,,,,,,,,,,,,," 	1,741,054 "," 	337,743 ", 	190 ,12
V-04784,1185045,TSXV,Almaden Minerals Ltd.,AMM," 	26,785,820 "," 	137,363,181 ",Mining,,BC,Canada,TSX Comedown,20250813,,OTCQB,,,,,,,,,,,,,," 	5,411,369 "," 	1,286,942 "," 	1,827 ",5
V-04547,1182815,TSXV,Almadex Minerals Ltd.,DEX," 	34,873,804 "," 	61,182,112 ",Mining,,BC,Canada,Other,20180525,,,,,,,,,,,,,,,," 	14,600,750 "," 	5,562,456 "," 	4,392 ",12
V-04027,1150585,TSXV,Aloro Mining Corp.,AORO," 	865,939 "," 	57,729,263 ",Mining,,BC,Canada,IPO,20080317,,,,,,,,,,,,,,,," 	5,376,517 "," 	94,889 ", 	362 ,12
V-03011,1124660,TSXV,Alpha Exploration Ltd.,ALEX," 	47,613,016 "," 	95,226,032 ",Mining,,Eritrea,Africa,Other,20211101,,,,,,,,,,,,,,,," 	2,212,469 "," 	1,339,011 "," 	1,216 ",12
V-04839,1185986,TSXV,Alphamin Resources Corp.,AFM," 	1,522,141,470 "," 	1,279,110,479 ",Mining,,Mauritius,Africa,,,JSE,,,,,,,,,,,,,,," 	251,706,391 "," 	218,847,432 "," 	91,860 ",12
V-01598,1074329,TSXV,Altai Resources Inc.,ATI," 	840,503 "," 	56,033,552 ",Mining,,ON,Canada,,,,,,,,,,,,,,,,,," 	14,489,177 "," 	991,868 ", 	498 ,10
V-05004,1188065,TSXV,Altair Resources Inc.,AVX," 	572,666 "," 	57,266,624 ",Mining,,BC,Canada,QT,20070315,,,Y,,,,,,,,,,,,,,,,
V-5030,1187765,TSXV,Altamira Gold Corp.,ALTA," 	82,992,388 "," 	296,401,386 ",Mining,,BC,Canada,,,,,,,,,,,,,,,,,," 	34,012,417 "," 	7,038,327 "," 	5,431 ",12
V-01959,19348,TSXV,Altiplano Metals Inc.,APN," 	7,102,474 "," 	177,561,844 ",Mining,,AB,Canada,IPO,20110202,,,,,,,,,,,,,,,," 	20,478,059 "," 	1,017,560 "," 	1,325 ",12
V-02311,1106330,TSXV,Alturas Minerals Corp.,ALT," 	1,456,321 "," 	145,632,143 ",Mining,,Peru,Latin America,RTO,20060410,Lima (BVL),,,,,,,,,,,,,,," 	10,178,141 "," 	60,944 ", 	412 ,12
V-04648,1183755,TSXV,Amarc Resources Ltd.,AHR," 	304,191,941 "," 	225,327,364 ",Mining,,BC,Canada,,,,OTCQB,,Y,,,,,,,,,,,," 	74,224,796 "," 	69,498,331 "," 	20,915 ",12
V-04751,1184755,TSXV,Amaroq Ltd.,AMRQ," 	941,207,109 "," 	463,648,822 ",Mining,,ON,Canada,IPO,20170713,AIM,,,Y,,,,,,,,,,,," 	20,350,370 "," 	32,082,234 "," 	15,438 ",12
V-04763,1184705,TSXV,American Eagle Gold Corp.,AE," 	96,811,281 "," 	172,877,287 ",Mining,,ON,Canada,Other,20210503,,OTCQB,,,Y,,,,,,,,,,," 	44,498,434 "," 	22,591,540 "," 	10,226 ",12
V-02287,1104859,TSXV,American Lithium Corp.,LI," 	165,915,520 "," 	255,254,646 ",Mining,,BC,Canada,,,,OTCQX,,Y,,,,,,,,,,,," 	77,222,815 "," 	48,472,731 "," 	35,533 ",12
V-01136,1062448,TSXV,Americore Resources Corp.,AMCO," 	7,693,622 "," 	19,477,525 ",Mining,,AB,Canada,QT,20110418,,OTCQB,Y,,,,,,,,,,,,," 	9,973,125 "," 	2,847,751 "," 	3,819 ",12
V-01025,39779,TSXV,Amex Exploration Inc.,AMX," 	569,269,744 "," 	142,317,436 ",Mining,,QC,Canada,,,,OTCQX,,Y,,,,,,,,,,,," 	43,726,200 "," 	86,439,842 "," 	45,009 ",12
V-02589,1113857,TSXV,Andina Copper Corporation,ANDC," 	125,816,653 "," 	224,672,595 ",Mining,,BC,Canada,Other,20251124,,,,,,,,,,,,,,,," 	7,888,471 "," 	4,161,718 "," 	1,345 ",2
V-01625,1023585,TSXV,Anfield Energy Inc.,AEC," 	112,237,474 "," 	15,942,823 ",Mining,,AZ,USA,Other,20110411,,OTCQB,,Y,,Apache Junction,,,,,,,,,," 	265,453,012 "," 	70,288,559 "," 	31,447 ",12
V-04406,1179305,TSXV,Angel Wing Metals Inc.,AWM," 	4,317,304 "," 	107,932,595 ",Mining,,ON,Canada,,,,,,,,,,,,,,,,,," 	14,959,345 "," 	648,423 ", 	574 ,12
V-00099,28374,TSXV,Angkor Resources Corp.,ANK," 	66,889,303 "," 	202,694,857 ",Mining,,AB,Canada,QT,20111019,,OTCQB,Y,,,,,,,,,,,,," 	15,372,265 "," 	3,345,639 "," 	2,256 ",12
V-01016,25900,TSXV,Anortech Inc.,ANOR," 	6,357,489 "," 	181,642,538 ",Mining,,BC,Canada,,,,OTCQB,Y,,,,,,,,,,,,," 	19,206,386 "," 	665,667 ", 	862 ,12
V-01362,1023872,TSXV,Antler Gold Inc.,ANTL," 	4,541,547 "," 	90,830,935 ",Mining,,NS,Canada,QT,20161114,,,Y,,,,,,,,,,,,," 	4,442,899 "," 	258,558 ", 	235 ,12
V-04918,1186585,TSXV,Apex Resources Inc.,APX," 	4,995,832 "," 	83,263,874 ",Mining,,BC,Canada,,19890615,,,,,,,,,,,,,,,," 	4,608,547 "," 	300,616 ", 	490 ,12
V-03094,1119347,TSXV,Apogee Minerals Ltd.,APMI," 	1,206,150 "," 	21,930,001 ",Mining,,BC,Canada,QT,20210804,,,Y,,,,,,,,,,,,," 	927,417 "," 	52,898 ", 	98 ,12
V-02295,1104075,TSXV,Apollo Silver Corp.,APGO," 	300,369,904 "," 	56,566,837 ",Mining,,BC,Canada,,,,OTCQB,Y,,,,,,,,,,,,," 	126,010,202 "," 	112,990,001 "," 	52,460 ",12
V-04592,1183155,TSXV,Applied Graphite Technologies Corporation,AGT," 	2,092,736 "," 	34,878,939 ",Mining,,BC,Canada,QT,20240312,,OTCQB,Y,,,,,,,,,,,,," 	2,320,784 "," 	152,597 ", 	222 ,12
V-04553,1182755,TSXV,Arbor Metals Corp.,ABR," 	13,657,235 "," 	91,048,236 ",Mining,,BC,Canada,IPO,20121024,,,,,,,,,,,,,,,," 	20,359,109 "," 	6,374,703 "," 	7,116 ",12
V-04548,1182550,TSXV,Archon Minerals Limited,ACS," 	5,169,592 "," 	54,416,758 ",Mining,,BC,Canada,,,,,,,,,,,,,,,,,," 	270,855 "," 	29,858 ", 	44 ,10
V-01963,1023629,TSXV,Arctic Star Exploration Corp.,ADD," 	1,193,552 "," 	238,710,370 ",Mining,,BC,Canada,,,,,,,,,,,,,,,,,," 	30,724,635 "," 	428,690 ", 	791 ,7
V-02117,1023802,TSXV,ArcWest Exploration Inc.,AWX," 	11,273,405 "," 	83,506,707 ",Mining,,BC,Canada,QT,20130731,,,Y,,,,,,,,,,,,," 	25,657,725 "," 	4,147,355 "," 	2,427 ",12
V-01579,15722,TSXV,Argenta Silver Corp.,AGAG," 	191,300,639 "," 	258,514,377 ",Mining,,AB,Canada,,,,OTCQB,,Y,,,,,,,,,,,," 	228,851,436 "," 	135,111,921 "," 	60,051 ",12
V-01941,1063055,TSXV,Argentina Lithium & Energy Corp.,LIT," 	20,635,091 "," 	137,567,270 ",Mining,,BC,Canada,,,,OTCQB,,,,,,,,,,,,,," 	21,222,561 "," 	2,042,313 "," 	3,152 ",12
V-00149,1062219,TSXV,Argentum Silver Corp.,ASL," 	5,159,854 "," 	51,598,543 ",Mining,,BC,Canada,QT from NEX,20110222,,,Y,,,,,,,,,,,,," 	3,093,145 "," 	402,314 ", 	684 ,12
V-04317,1178240,TSXV,Arianne Phosphate Inc.,DAN," 	43,811,536 "," 	213,714,811 ",Mining,,QC,Canada,,20090703,,OTCQX,,,,,,,,,,,,,," 	37,152,616 "," 	6,605,323 "," 	6,640 ",12
V-03683,1140490,TSXV,Arizona Gold & Silver Inc.,AZS," 	101,821,425 "," 	107,180,447 ",Mining,,BC,Canada,QT from NEX,20161121,,OTCQB,Y,,,,,,,,,,,,," 	27,300,293 "," 	11,367,649 "," 	7,622 ",12
V-00755,1023694,TSXV,Arras Minerals Corp.,ARK," 	91,553,724 "," 	122,071,632 ",Mining,,BC,Canada,Other,20220614,,OTCQB,,,,,,,,,,,,,," 	50,810,518 "," 	39,792,664 "," 	14,181 ",12
V-01109,30405,TSXV,Artemis Gold Inc.,ARTG," 	8,484,751,160 "," 	231,255,142 ",Mining,,BC,Canada,Other,20191002,,,,Y,Y,,,,,,,,,,," 	92,466,957 "," 	2,603,193,246 "," 	391,048 ",12
V-00354,1023501,TSXV,Arya Resources Ltd.,RBZ," 	14,880,880 "," 	42,516,800 ",Mining,,BC,Canada,QT,20221220,,,Y,,,,,,,,,,,,," 	7,674,094 "," 	1,818,933 "," 	1,546 ",11
V-04955,1187290,TSXV,Asante Gold Corporation,ASE," 	1,289,481,617 "," 	781,504,010 ",Mining,,BC,Canada,Other,20250924,,,,,,,,,,,,,,,," 	47,680,668 "," 	101,951,694 "," 	65,335 ",4
V-00948,718451,TSXV,AsiaBaseMetals Inc.,ABZ," 	6,459,423 "," 	49,687,871 ",Mining,,BC,Canada,Other,20091103,,,,,,,,,,,,,,,," 	1,088,751 "," 	59,087 ", 	172 ,12
V-03981,1154345,TSXV,Aston Bay Holdings Ltd.,BAY," 	11,382,734 "," 	252,949,635 ",Mining,,WA,USA,QT,20130506,,OTCQB,Y,,,Vancouver,,,,,,,,,," 	40,323,083 "," 	2,250,262 "," 	2,762 ",12
V-03911,1150405,TSXV,Astra Exploration Inc.,ASTR," 	67,564,685 "," 	116,490,836 ",Mining,,BC,Canada,QT,20220126,,OTCQB,Y,,,,,,,,,,,,," 	31,895,840 "," 	13,180,349 "," 	9,673 ",12
V-04932,1186835,TSXV,ATEX Resources Inc.,ATX," 	1,146,213,124 "," 	346,287,953 ",Mining,,BC,Canada,,,,,,Y,Y,,,,,,,,,,," 	116,903,940 "," 	266,521,513 "," 	138,344 ",12
V-04557,1182545,TSXV,Atha Energy Corp.,SASK," 	193,093,081 "," 	316,546,035 ",Mining,,BC,Canada,Other,20240304,,OTCQB,,Y,,,,,,,,,,,," 	135,019,957 "," 	86,062,074 "," 	47,161 ",12
V-04635,1183280,TSXV,Atico Mining Corporation,ATY," 	37,909,043 "," 	180,519,252 ",Mining,,BC,Canada,IPO,20120312,,OTCQX,,,,,,,,,,,,,," 	26,146,243 "," 	4,223,488 "," 	4,329 ",12
V-01145,1023067,TSXV,Atlas Salt Inc.,SALT," 	69,496,487 "," 	108,588,261 ",Mining,Agriculture,NL,Canada,Other,20120817,,OTCQB,,,,,,,,,,,,,," 	25,569,481 "," 	14,785,917 "," 	10,100 ",12
V-04860,1185430,TSXV,Atomic Minerals Corporation,ATOM," 	8,419,330 "," 	84,193,302 ",Mining,,BC,Canada,,19810924,,,,,,,,,,,,,,,," 	32,862,036 "," 	2,303,230 "," 	2,207 ",12
V-04382,1180518,TSXV,Aton Resources Inc.,AAN," 	59,903,574 "," 	127,454,413 ",Mining,,ON,Canada,QT,20101005,,,Y,,,,,,,,,,,,," 	4,182,226 "," 	1,130,556 ", 	902 ,12
V-04677,1184270,TSXV,AU Gold Corp.,AUGC," 	3,781,553 "," 	39,805,824 ",Mining,,BC,Canada,QT,20201224,,,Y,,,,,,,,,,,,," 	6,817,809 "," 	303,094 ", 	517 ,12
V-04859,1185630,TSXV,AuMega Metals Ltd.,AUM," 	55,240,525 "," 	1,578,300,726 ",Mining,,Australia,Australia/NZ/PNG,Other,20240626,ASX,OTCQB,,,,,,,,,,,,,," 	82,637,601 "," 	3,458,041 "," 	2,877 ",12
V-01013,34193,TSXV,AuQ Gold Mining Inc.,AUQ," 	14,702,098 "," 	22,618,612 ",Mining,,BC,Canada,,,,,,,,,,,,,,,,,," 	6,345,119 "," 	2,656,135 "," 	1,749 ",12
V-00091,41920,TSXV,Aurania Resources Ltd.,ARU," 	21,822,127 "," 	132,255,315 ",Mining,,ON,Canada,IPO,20130417,,OTCQB,,,,,,,,,,,,,," 	17,588,535 "," 	3,972,588 "," 	6,972 ",12
V-04753,1185025,TSXV,Auric Resources Corp.,RES," 	1,583,722 "," 	26,395,367 ",Mining,,BC,Canada,QT from NEX,20240227,,,Y,,,,,,,,,,,,," 	2,376,685 "," 	114,017 ", 	270 ,12
V-00716,1044476,TSXV,Auriginal Mining Corp.,AUME," 	18,516,032 "," 	264,514,737 ",Mining,,QC,Canada,QT from NEX,20170403,,,Y,,,,,,,,,,,,," 	36,272,164 "," 	2,126,003 "," 	1,854 ",9
V-04288,1176075,TSXV,Aurion Resources Ltd.,AU," 	218,676,690 "," 	161,982,733 ",Mining,,BC,Canada,IPO,20081003,,OTCQX,,Y,,,,,,,,,,,," 	18,827,034 "," 	17,191,401 "," 	8,669 ",12
V-02898,1117014,TSXV,Aurum Lake Mining Corporation,ARL," 	1,608,775 "," 	22,982,500 ",Mining,,Cayman Islands,Latin America,QT,20240112,,,Y,,,,,,,,,,,,," 	485,763 "," 	41,741 ", 	77 ,10
V-04589,1183245,TSXV,Austral Gold Limited,AGLD," 	108,697,033 "," 	621,125,901 ",Mining,,Australia,Australia/NZ/PNG,Other,20160822,ASX,OTCQB,,,,,,,,,,,,,," 	17,637,028 "," 	1,683,797 "," 	1,320 ",12
V-04503,1181717,TSXV,Avaron Mining Corp.,AVR," 	2,407,440 "," 	15,046,497 ",Mining,,BC,Canada,QT,20230629,,,Y,,,,,,,,,,,,," 	1,728,504 "," 	128,653 ", 	145 ,12
V-04423,1181106,TSXV,Avidian Gold Corp.,AVG," 	1,854,107 "," 	12,360,716 ",Mining,,ON,Canada,QT from NEX,20171204,,,Y,,,,,,,,,,,,," 	2,137,932 "," 	231,765 ", 	532 ,12
V-04613,1182910,TSXV,Avrupa Minerals Ltd.,AVU," 	3,557,111 "," 	64,674,754 ",Mining,,BC,Canada,QT,20100714,,,Y,,,,,,,,,,,,," 	14,066,967 "," 	391,109 ", 	501 ,12
V-03058,1125730,TSXV,Awale Resources Limited,ARIC," 	63,273,964 "," 	103,727,810 ",Mining,,BC,Canada,QT,20180103,,,Y,,Y,,,,,,,,,,," 	31,370,838 "," 	17,335,361 "," 	7,503 ",12
V-04897,1185925,TSXV,AXO Copper Corp.,AXO," 	67,753,521 "," 	130,295,233 ",Mining,,NS,Canada,IPO,20250604,,,,,,,,,,,,,,,," 	27,632,436 "," 	11,257,714 "," 	3,327 ",7
REI0001,1184281,TSXV,Azarga Metals Corp.,AZR," 	9,226,783 "," 	76,889,855 ",Mining,,BC,Canada,,,,,,,,,,,,,,,,,," 	2,610,294 "," 	209,383 ", 	550 ,12
V-02794,1117518,TSXV,Azimut Exploration Inc.,AZM," 	75,471,983 "," 	100,629,310 ",Mining,,QC,Canada,,,,OTCQX,,,,,,,,,,,,,," 	11,948,821 "," 	8,204,846 "," 	4,271 ",12
V-04828,1185720,TSXV,Azincourt Energy Corp.,AAZ," 	4,267,186 "," 	106,679,658 ",Mining,,BC,Canada,IPO,20120501,,OTCQB,,,,,,,,,,,,,," 	194,211,256 "," 	4,405,138 "," 	8,452 ",12
V-04728,1184885,TSXV,Aztec Minerals Corp.,AZT," 	46,594,310 "," 	147,918,443 ",Mining,,BC,Canada,IPO,20170502,,OTCQB,,,,,,,,,,,,,," 	46,121,763 "," 	11,018,655 "," 	7,924 ",12
V-01836,1023599,TSXV,Azucar Minerals Ltd.,AMZ," 	4,060,596 "," 	73,829,025 ",Mining,,BC,Canada,RTO,20180525,,OTCQB,,,,,,,,,,,,,," 	8,277,621 "," 	438,667 ", 	977 ,12
V-04988,1187530,TSXV,Badlands Resources Inc.,BLDS," 	1,809,162 "," 	11,307,265 ",Mining,,BC,Canada,IPO,20100630,,,,,,,,,,,,,,,," 	2,886,440 "," 	578,251 ", 	895 ,12
V-04756,1185075,TSXV,Banyan Gold Corp.,BYN," 	376,871,631 "," 	414,144,649 ",Mining,,AB,Canada,QT,20130219,,OTCQB,Y,Y,,,,,,,,,,,," 	153,780,427 "," 	82,336,352 "," 	37,095 ",12
V-04535,1182371,TSXV,Barksdale Resources Corp.,BRO," 	11,804,524 "," 	147,556,553 ",Mining,,BC,Canada,,,,OTCQX,,,,,,,,,,,,,," 	32,598,083 "," 	3,072,484 "," 	3,283 ",12
V-02150,41339,TSXV,Baru Gold Corp.,BARU," 	23,849,770 "," 	366,919,534 ",Mining,,BC,Canada,,,,OTCQB,,,,,,,,,,,,,," 	114,164,471 "," 	8,732,278 "," 	6,795 ",12
V-04954,1186930,TSXV,Batero Gold Corp.,BAT," 	11,518,238 "," 	115,182,383 ",Mining,,BC,Canada,QT,20100727,,,Y,,,,,,,,,,,,," 	5,078,558 "," 	334,343 ", 	570 ,10
V-04889,1186365,TSXV,Bathurst Metals Corp.,BMV," 	2,692,540 "," 	41,423,694 ",Mining,,BC,Canada,Other,20070220,,,,,,,,,,,,,,,," 	8,596,071 "," 	688,883 ", 	696 ,12
V-04890,1186325,TSXV,Battery Mineral Resources Corp.,BMR," 	24,883,240 "," 	184,320,297 ",Mining,,BC,Canada,QT,20210223,,OTCQB,Y,,,,,,,,,,,,," 	4,190,501 "," 	456,765 ", 	625 ,10
V-04891,1186460,TSXV,Bayhorse Silver Inc.,BHS," 	52,378,611 "," 	349,190,740 ",Mining,,BC,Canada,Other,20060830,,OTCQB,,,,,,,,,,,,,," 	99,547,198 "," 	6,471,627 "," 	5,774 ",12
V-5067,1188650,TSXV,BC Moly Ltd.,BM," 	4,676,139 "," 	34,638,067 ",Mining,,BC,Canada,,,,,,,,,,,,,,,,,," 	2,385,739 "," 	398,402 ", 	434 ,12
V-04708,1184455,TSXV,BCM Resources Corporation,B," 	29,924,239 "," 	206,374,063 ",Mining,,BC,Canada,Other,20060927,,,,,,,,,,,,,,,," 	27,460,626 "," 	2,654,557 "," 	2,821 ",12
V-04675,1184325,TSXV,Bear Creek Mining Corporation,BCM," 	175,918,329 "," 	293,197,215 ",Mining,,BC,Canada,,,Lima (BVL),OTCQX,,Y,Y,,,,,,,,,,," 	191,549,024 "," 	71,046,284 "," 	42,373 ",12
V-04903,1185920,TSXV,Beauce Gold Fields Inc.,BGF," 	6,240,789 "," 	138,684,193 ",Mining,,QC,Canada,Other,20190204,,,,,,,,,,,,,,,," 	21,487,225 "," 	981,655 "," 	1,598 ",12
V-04956,1186825,TSXV,Bedford Metals Corp.,BFM," 	17,237,580 "," 	88,397,845 ",Mining,,BC,Canada,QT,20091231,,,Y,,Y,,,,,,,,,,," 	17,038,812 "," 	5,282,686 "," 	8,649 ",12
V-04766,1183400,TSXV,Bell Copper Corporation,BCU," 	6,825,099 "," 	136,501,974 ",Mining,,BC,Canada,Other,20080512,,OTCQB,,,,,,,,,,,,,," 	8,004,219 "," 	400,859 "," 	1,067 ",12
V-04995,1187795,TSXV,Belmont Resources Inc.,BEA," 	5,299,331 "," 	132,483,272 ",Mining,,BC,Canada,,,,,,,,,,,,,,,,,," 	28,536,537 "," 	1,092,150 "," 	1,785 ",12
V-04866,1186240,TSXV,BeMetals Corp.,BMET," 	20,609,652 "," 	294,423,604 ",Mining,,BC,Canada,QT from NEX,20180725,,OTCQB,Y,,,,,,,,,,,,," 	18,985,419 "," 	980,456 "," 	1,576 ",12
V-04882,1185420,TSXV,Benton Resources Inc.,BEX," 	23,185,398 "," 	244,056,825 ",Mining,,ON,Canada,Other,20120801,,,,,,,,,,,,,,,," 	46,885,060 "," 	3,648,883 "," 	3,118 ",12
V-5047,1188410,TSXV,Benz Mining Corp.,BZ," 	471,230,637 "," 	290,883,109 ",Mining,,BC,Canada,QT,20130412,ASX,,Y,Y,,,,,,,,,,,," 	21,737,115 "," 	19,435,650 "," 	7,695 ",12
V-04781,1173605,TSXV,Bessor Minerals Inc.,BST," 	1,094,997 "," 	31,285,623 ",Mining,,BC,Canada,Other,20070920,,,,,,,,,,,,,,,," 	1,315,145 "," 	40,714 ", 	157 ,12
V-04957,1187235,TSXV,Big Ridge Gold Corp.,BRAU," 	72,639,959 "," 	279,384,456 ",Mining,,BC,Canada,,,,OTCQB,,,,,,,,,,,,,," 	53,389,777 "," 	8,269,164 "," 	5,885 ",12
V-04405,1180385,TSXV,Big Tree Carbon Inc.,BIGT," 	566,599 "," 	113,319,856 ",Mining,,ON,Canada,,,,,,,,,,,,,,,,,," 	12,631,858 "," 	115,372 ", 	370 ,12
V-04768,1184985,TSXV,Bitterroot Resources Ltd.,BTT," 	10,438,375 "," 	125,763,556 ",Mining,,BC,Canada,,,,,,,,,,,,,,,,,," 	17,465,070 "," 	1,085,251 "," 	1,333 ",12
V-04711,1184765,TSXV,Black Mammoth Metals Corporation,BMM," 	273,826,375 "," 	40,387,371 ",Mining,,BC,Canada,Other,20051214,,,,Y,,,,,,,,,,,," 	4,714,513 "," 	13,646,883 "," 	8,093 ",12
V-5079,1188940,TSXV,Black Spruce Exploration Inc.,BARK," 	1,657,822 "," 	27,630,371 ",Mining,,BC,Canada,QT,20130204,,,Y,,,,,,,,,,,,," 	16,984,966 "," 	275,191 "," 	1,009 ",12
V-04958,1185975,TSXV,Blackrock Silver Corp.,BRC," 	462,748,482 "," 	335,324,987 ",Mining,,BC,Canada,QT,20031223,,OTCQX,Y,Y,,,,,,,,,,,," 	239,580,200 "," 	154,856,563 "," 	77,107 ",12
V-04996,1186915,TSXV,Blende Silver Corp.,BAG," 	7,449,868 "," 	70,951,120 ",Mining,,BC,Canada,Other,20110705,,,,,,,,,,,,,,,," 	41,587,267 "," 	3,236,128 "," 	3,922 ",12
V-04893,1186275,TSXV,Blue Moon Metals Inc.,MOON," 	388,047,658 "," 	80,843,262 ",Mining,,BC,Canada,Other,20070607,,,,Y,,,,,,,,,,,," 	14,724,630 "," 	53,349,266 "," 	18,307 ",10
V-5083,1188850,TSXV,Blue Sky Uranium Corp.,BSK," 	19,540,402 "," 	434,231,166 ",Mining,,BC,Canada,QT,20070207,,OTCQB,Y,,,,,,,,,,,,," 	143,006,539 "," 	7,793,810 "," 	9,058 ",12
V-04894,1186380,TSXV,Blue Star Gold Corp.,BAU," 	27,427,661 "," 	156,729,490 ",Mining,,BC,Canada,IPO,20100420,,OTCQB,,,,,,,,,,,,,," 	20,473,919 "," 	2,124,056 "," 	2,590 ",12
V-04546,1181900,TSXV,Bocana Resources Corp.,BOCA," 	24,847,033 "," 	101,416,461 ",Mining,,AB,Canada,RTO,20230105,,,Y,,,,,,,,,,,,," 	67,490,772 "," 	4,943,325 "," 	4,908 ",11
V-04923,1186205,TSXV,Bold Ventures Inc.,BOL," 	9,690,873 "," 	84,268,458 ",Mining,,ON,Canada,Other,20071029,,,,,,,,,,,,,,,," 	13,887,363 "," 	981,348 "," 	1,470 ",12
V-04634,1183715,TSXV,Bonanza Mining Corporation,BNZ," 	1,711,686 "," 	57,056,202 ",Mining,,BC,Canada,QT,20210329,,,Y,,,,,,,,,,,,," 	6,536,047 "," 	121,954 ", 	265 ,12
V-04497,1181735,TSXV,Bonterra Resources Inc.,BTR," 	42,053,812 "," 	212,392,988 ",Mining,,BC,Canada,IPO,20090204,,OTCQX,,,,,,,,,,,,,," 	43,028,057 "," 	8,915,047 "," 	6,725 ",12
V-04854,1185890,TSXV,Borealis Mining Company Limited,BOGO," 	195,770,276 "," 	115,158,986 ",Mining,,ON,Canada,Other,20240807,,,,,,,,,,,,,,,," 	83,361,831 "," 	87,220,073 "," 	53,932 ",12
V-04740,1185035,TSXV,Boron One Holdings Inc.,BONE," 	11,188,337 "," 	248,629,706 ",Mining,,BC,Canada,,,,,,,,,,,,,,,,,," 	25,493,915 "," 	1,240,762 "," 	1,350 ",12
V-04514,1181770,TSXV,BP Silver Corp.,BPAG," 	31,409,374 "," 	50,660,280 ",Mining,,BC,Canada,QT,20250929,,,Y,,,,,,,,,,,,," 	12,743,379 "," 	5,822,846 "," 	2,767 ",6
V-04360,1179785,TSXV,Brasnova Energy Materials Inc.,BEM," 	3,977,304 "," 	44,192,263 ",Mining,,BC,Canada,QT,20070228,,,Y,,,,,,,,,,,,," 	5,071,156 "," 	579,345 ", 	720 ,12
V-04940,1183890,TSXV,Bravada Gold Corporation,BVA," 	8,147,515 "," 	148,136,645 ",Mining,,BC,Canada,Other,20100504,,,,,,,,,,,,,,,," 	54,349,853 "," 	2,175,575 "," 	2,418 ",12
V-04483,1181510,TSXV,Bravo Mining Corp.,BRVO," 	530,704,462 "," 	110,333,568 ",Mining,,Brazil,Latin America,IPO,20220721,,OTCQX,,Y,,,,,,,,,,,," 	14,315,933 "," 	44,419,656 "," 	29,912 ",12
V-04482,1181435,TSXV,Brixton Metals Corporation,BBB," 	39,227,948 "," 	713,235,426 ",Mining,,BC,Canada,QT,20101207,,OTCQB,Y,,,,,,,,,,,,," 	107,187,598 "," 	7,940,201 "," 	6,569 ",12
V-04925,1186785,TSXV,Bronco Resources Corp.,BRON," 	1,624,450 "," 	29,535,452 ",Mining,,BC,Canada,,,,,,,,,,,,,,,,,," 	13,883,484 "," 	670,210 ", 	877 ,12
V-04895,1185800,TSXV,Brunswick Exploration Inc.,BRW," 	51,892,426 "," 	259,462,131 ",Mining,,QC,Canada,QT,20070629,,OTCQB,Y,,,,,,,,,,,,," 	69,703,353 "," 	9,979,002 "," 	7,897 ",12
V-04573,1182560,TSXV,BTU Metals Corp.,BTU," 	9,147,656 "," 	166,321,014 ",Mining,,BC,Canada,QT from NEX,20170620,,OTCQB,Y,,,,,,,,,,,,," 	24,152,667 "," 	1,090,279 "," 	1,616 ",12
V-04564,1182805,TSXV,Bulgold Inc.,ZLTO," 	4,421,910 "," 	49,132,335 ",Mining,,Bulgaria,UK/Europe,QT,20230327,,,Y,,,,,,,,,,,,," 	5,616,522 "," 	317,118 ", 	501 ,12
V-04933,1187120,TSXV,Bullion Gold Resources Corp.,BGD," 	8,288,590 "," 	97,512,820 ",Mining,,QC,Canada,QT,20080521,,,Y,,,,,,,,,,,,," 	11,071,080 "," 	755,814 "," 	1,434 ",12
V-05015,1188035,TSXV,Bunker Hill Mining Corp.,BNKR," 	331,715,299 "," 	1,393,761,759 ",Mining,,BC,Canada,Other,20230908,,OTCQB,,,,,,,,,,,,,," 	88,601,386 "," 	15,840,565 "," 	9,812 ",12
V-04934,1187050,TSXV,BWR Exploration Inc.,BWR," 	1,657,657 "," 	110,510,461 ",Mining,,ON,Canada,IPO,20130404,,,,,,,,,,,,,,,," 	3,619,134 "," 	49,880 ", 	114 ,5
V-05010,1188080,TSXV,C3 Metals Inc.,CCCM," 	115,866,369 "," 	99,884,801 ",Mining,,ON,Canada,RTO,20150707,,OTCQB,,,,,,,,,,,,,," 	10,668,393 "," 	8,521,016 "," 	4,311 ",12
V-5075,1188800,TSXV,Cabral Gold Inc.,CBR," 	191,122,024 "," 	276,988,441 ",Mining,,BC,Canada,RTO from NEX,20171102,,,,Y,,,,,,,,,,,," 	59,844,182 "," 	26,439,860 "," 	16,152 ",12
V-04515,1181955,TSXV,Camino Minerals Corporation,COR," 	45,525,847 "," 	89,266,367 ",Mining,,BC,Canada,Other,20100422,,,,,,,,,,,,,,,," 	13,295,927 "," 	3,659,506 "," 	2,224 ",12
V-04962,1187090,TSXV,Canada Carbon Inc.,CCB," 	2,422,815 "," 	242,281,512 ",Mining,,ON,Canada,,,,,,,,,,,,,,,,,," 	27,152,214 "," 	352,547 ", 	936 ,8
V-04437,1154436,TSXV,Canada Nickel Company Inc.,CNC," 	323,374,454 "," 	230,981,753 ",Mining,,ON,Canada,Other,20200227,,OTCQX,,Y,,,,,,,,,,,," 	128,436,751 "," 	141,331,016 "," 	79,022 ",12
V-04686,1183870,TSXV,Canada One Mining Corp.,CONE," 	2,506,723 "," 	45,576,786 ",Mining,,BC,Canada,,,,,,,,,,,,,,,,,," 	13,617,572 "," 	550,487 "," 	1,314 ",12
V-04969,1187266,TSXV,Canada Rare Earth Corp.,LL," 	2,115,877 "," 	211,587,696 ",Mining,,BC,Canada,,,,,,,,,,,,,,,,,," 	27,001 ", 	510 , 	7 ,1
V-04769,1185361,TSXV,Canadian Critical Minerals Inc.,CCMI," 	11,655,997 "," 	333,028,478 ",Mining,,ON,Canada,IPO,20101229,,OTCQB,,,,,,,,,,,,,," 	72,163,906 "," 	2,393,135 "," 	3,026 ",12
V-04843,1185795,TSXV,Canadian Gold Corp.,CGC," 	120,029,063 "," 	210,577,304 ",Mining,,ON,Canada,Other,20120202,,OTCQB,,,,,,,,,,,,,," 	71,809,598 "," 	28,384,802 "," 	11,895 ",12
V-04844,1186200,TSXV,Canadian Gold Resources Ltd.,CAN," 	6,600,100 "," 	36,667,221 ",Mining,,NB,Canada,RTO from NEX,20241212,,,,,,,,,,,,,,,," 	25,883,166 "," 	5,133,511 "," 	4,606 ",12
V-04523,1182030,TSXV,Canadian North Resources Inc.,CNRI," 	62,878,924 "," 	114,325,317 ",Mining,,ON,Canada,IPO,20220407,,OTCQX,,,,,,,,,,,,,," 	848,339 "," 	586,528 ", 	593 ,12
V-04744,1184856,TSXV,Canadian Premium Sand Inc.,CPS," 	6,483,901 "," 	92,627,156 ",Mining,,AB,Canada,Other,20100405,,,,,,,,,,,,,,,," 	7,184,019 "," 	1,026,649 "," 	1,506 ",12
V-04818,1185655,TSXV,Canaf Investments Inc.,CAF," 	15,650,644 "," 	47,426,195 ",Mining,,BC,Canada,,,,,,,,,,,,,,,,,," 	7,315,446 "," 	2,410,314 "," 	1,718 ",12
V-04819,1185656,TSXV,Canalaska Uranium Ltd.,CVV," 	129,806,101 "," 	220,010,341 ",Mining,,BC,Canada,TSX Comedown,20131230,,OTCQX,,Y,Y,,,,,,,,,,," 	139,445,151 "," 	115,104,106 "," 	65,846 ",12
V-04783,1185345,TSXV,Canex Metals Inc.,CANX," 	35,894,354 "," 	166,950,482 ",Mining,,AB,Canada,,,,,,,,,,,,,,,,,," 	32,187,123 "," 	3,441,478 "," 	1,837 ",12
V-04947,1187175,TSXV,Canoe Mining Ventures Corp.,CLV," 	4,455,040 "," 	35,640,316 ",Mining,,ON,Canada,QT,20131209,,,Y,,,,,,,,,,,,," 	980,240 "," 	64,768 ", 	126 ,12
V-04868,1186131,TSXV,Canstar Resources Inc.,ROX," 	14,221,085 "," 	167,306,887 ",Mining,,ON,Canada,,20050408,,,,,,,,,,,,,,,," 	20,855,930 "," 	1,367,419 "," 	1,518 ",12
V-04575,1182051,TSXV,Canterra Minerals Corporation,CTM," 	85,280,289 "," 	387,637,679 ",Mining,,BC,Canada,,,,OTCQB,,,,,,,,,,,,,," 	99,792,105 "," 	12,292,392 "," 	10,909 ",12
V-04919,1186345,TSXV,Cantex Mine Development Corp.,CD," 	26,206,304 "," 	158,826,082 ",Mining,,BC,Canada,,,,OTCQB,,,,,,,,,,,,,," 	23,415,676 "," 	3,853,169 "," 	3,234 ",12
V-04821,1185340,TSXV,Canuc Resources Corporation,CDA," 	25,272,981 "," 	266,031,379 ",Mining,,ON,Canada,Other,20090827,,OTCQB,,,,,,,,,,,,,," 	21,721,754 "," 	1,514,486 "," 	1,660 ",12
V-04759,1184846,TSXV,Capella Minerals Limited,CMIL," 	7,160,953 "," 	71,609,533 ",Mining,,BC,Canada,Other,20060112,,OTCQB,,,,,,,,,,,,,," 	10,436,756 "," 	726,923 ", 	946 ,12
V-04833,1185666,TSXV,Capitan Silver Corp.,CAPT," 	276,251,483 "," 	125,568,856 ",Mining,,BC,Canada,Other,20200821,,OTCQB,,Y,,,,,,,,,,,," 	24,078,043 "," 	32,282,828 "," 	20,218 ",12
V-04771,1185010,TSXV,Cariboo Rose Resources Ltd.,CRB," 	2,900,594 "," 	58,011,888 ",Mining,,BC,Canada,Other,20061204,,,,,,,,,,,,,,,," 	8,548,945 "," 	478,978 ", 	492 ,12
V-04920,1184725,TSXV,Carlin Gold Corporation,CGD," 	10,252,301 "," 	19,343,964 ",Mining,,BC,Canada,,,,,,,,,,,,,,,,,," 	1,779,200 "," 	807,695 ", 	475 ,12
V-04822,1185695,TSXV,Carlton Precious Inc.,CPI," 	12,116,488 "," 	86,546,345 ",Mining,,BC,Canada,Other,20070508,,,,,,,,,,,,,,,," 	16,388,527 "," 	2,459,034 "," 	1,577 ",12
V-04693,1184466,TSXV,Carolina Rush Corporation,RUSH," 	12,257,930 "," 	90,799,482 ",Mining,,BC,Canada,Other,20050812,,OTCQB,,,,,,,,,,,,,," 	11,552,611 "," 	1,097,823 "," 	1,939 ",12
V-5053,1188535,TSXV,Cartier Resources Inc.,ECR," 	111,075,785 "," 	444,303,140 ",Mining,,QC,Canada,QT,20070607,,,Y,,,,,,,,,,,,," 	79,050,807 "," 	13,403,317 "," 	6,545 ",12
V-04959,1187180,TSXV,Casa Minerals Inc.,CASA," 	6,910,049 "," 	81,294,698 ",Mining,,BC,Canada,QT from NEX,20171207,,,Y,,,,,,,,,,,,," 	11,622,143 "," 	749,504 "," 	1,007 ",12
V-04926,1186730,TSXV,Cascadero Copper Corporation,CCD," 	3,001,299 "," 	300,129,874 ",Mining,,ON,Canada,,,,,,,,,,,,,,,,,," 	12,238,468 "," 	124,438 ", 	552 ,12
V-04604,1183265,TSXV,Cascadia Minerals Ltd.,CAM," 	40,554,665 "," 	176,324,632 ",Mining,,BC,Canada,Other,20230719,,OTCQB,,,,,,,,,,,,,," 	81,924,588 "," 	12,495,182 "," 	7,820 ",12
V-04381,1179635,TSXV,Cassiar Gold Corp.,GLDC," 	47,918,585 "," 	147,441,800 ",Mining,,AB,Canada,QT,20110705,,OTCQX,Y,,,,,,,,,,,,," 	66,085,660 "," 	17,549,225 "," 	11,070 ",12
V-04927,1186750,TSXV,CBLT Inc.,CBLT," 	4,244,739 "," 	77,177,073 ",Mining,,ON,Canada,QT from NEX,20120116,,,Y,,,,,,,,,,,,," 	7,949,594 "," 	262,194 ", 	365 ,11
V-04795,1185725,TSXV,Centenario Gold Corp.,CTG," 	481,074 "," 	4,183,254 ",Mining,,BC,Canada,QT,20231031,,,Y,,,,,,,,,,,,," 	10,019,346 "," 	172,422 ", 	444 ,12
V-04583,1182222,TSXV,Central Iron Ore Limited,CIO," 	4,015,573 "," 	40,155,734 ",Mining,,Australia,Australia/NZ/PNG,Other,20070601,,,,,,,,,,,,,,,," 	1,092,275 "," 	93,859 ", 	190 ,12
V-04857,1186135,TSXV,Centurion Minerals Ltd.,CTN," 	993,704 "," 	18,067,354 ",Mining,Agriculture,BC,Canada,Other,20061222,,,,,,,,,,,,,,,," 	7,077,908 "," 	134,304 ", 	258 ,12
V-04846,1185835,TSXV,Century Lithium Corp.,LCE," 	48,759,187 "," 	165,285,381 ",Mining,,BC,Canada,,,,OTCQX,,,,,,,,,,,,,," 	33,854,827 "," 	9,575,685 "," 	6,422 ",12
V-04636,1183740,TSXV,Cerrado Gold Inc.,CERT," 	224,104,351 "," 	135,820,819 ",Mining,,ON,Canada,QT,20210225,,OTCQX,Y,Y,,,,,,,,,,,," 	101,802,916 "," 	100,201,059 "," 	39,038 ",12
V-04824,1185760,TSXV,Cerro De Pasco Resources Inc.,CDPR," 	294,406,455 "," 	600,829,500 ",Mining,,QC,Canada,Other,20250314,,OTCQB,,Y,,,,,,,,,,,," 	157,178,495 "," 	66,682,377 "," 	31,471 ",10
V-04943,1186975,TSXV,Ceylon Graphite Corp.,CYL," 	3,765,082 "," 	188,254,122 ",Mining,,NS,Canada,RTO,20170103,,,,,,,,,,,,,,,,,,,
V-04687,1184350,TSXV,Chakana Copper Corp.,PERU," 	6,460,910 "," 	44,558,000 ",Mining,,BC,Canada,RTO,20180131,,OTCQB,,,,,,,,,,,,,," 	10,346,787 "," 	784,993 "," 	1,704 ",12
V-04676,1184175,TSXV,Champion Bear Resources Ltd.,CBA," 	1,504,895 "," 	75,244,773 ",Mining,,AB,Canada,,,,,,,,,,,,,,,,,," 	7,255,668 "," 	177,582 ", 	374 ,12
V-04847,1185395,TSXV,Chatham Rock Phosphate Limited,NZP," 	4,616,431 "," 	115,410,765 ",Mining,Agriculture,New Zealand,Australia/NZ/PNG,,20050407,NZSE,,,,,,,,,,,,,,," 	4,930,467 "," 	264,770 ", 	279 ,12
V-04898,1185930,TSXV,Chesapeake Gold Corp.,CKG," 	299,187,544 "," 	72,093,384 ",Mining,,BC,Canada,,,,OTCQX,,,,,,,,,,,,,," 	13,508,586 "," 	28,462,460 "," 	19,096 ",12
V-04848,1185775,TSXV,Chibougamau Independent Mines Inc.,CBG," 	15,266,384 "," 	61,065,536 ",Mining,,QC,Canada,Other,20130125,,,,,,,,,,,,,,,," 	2,656,893 "," 	530,233 ", 	501 ,12
V-04383,1179576,TSXV,Churchill Resources Inc.,CRI," 	78,399,678 "," 	295,847,843 ",Mining,,ON,Canada,QT,20210621,,,Y,,,,,,,,,,,,," 	93,986,766 "," 	8,869,803 "," 	3,499 ",12
V-04861,1185980,TSXV,Clean Air Metals Inc.,AIR," 	21,297,327 "," 	250,556,784 ",Mining,,ON,Canada,RTO from NEX,20200522,,OTCQB,,,,,,,,,,,,,," 	141,208,053 "," 	8,166,760 "," 	8,502 ",12
V-04684,1184375,TSXV,Clean Energy Transition Inc.,TRAN," 	1,252,316 "," 	41,743,850 ",Mining,,BC,Canada,,,,,,,,,,,,,,,,,," 	5,669,094 "," 	131,099 ", 	318 ,12
V-04695,1184520,TSXV,Cleantech Vanadium Mining Corp.,CTV," 	19,053,757 "," 	146,567,359 ",Mining,,BC,Canada,Other,20220304,,OTCQB,,,,,,,,,,,,,," 	55,283,047 "," 	6,004,732 "," 	7,557 ",12
V-04990,1186805,TSXV,Cleghorn Minerals Ltd.,CZZ," 	2,709,270 "," 	38,703,854 ",Mining,,QC,Canada,QT from NEX,20160824,,,Y,,,,,,,,,,,,," 	873,534 "," 	40,278 ", 	56 ,10
V-04886,1186395,TSXV,Coast Copper Corp.,COCO," 	8,228,186 "," 	74,801,690 ",Mining,,BC,Canada,QT,20140718,,,Y,,,,,,,,,,,,," 	17,107,734 "," 	1,212,648 "," 	1,150 ",12
V-04963,1186210,TSXV,Colibri Resource Corporation,CBI," 	9,247,896 "," 	33,028,200 ",Mining,,BC,Canada,Other,20050805,,,,,,,,,,,,,,,," 	15,542,522 "," 	1,089,977 "," 	1,230 ",12
V-04647,1183550,TSXV,Colonial Coal International Corp.,CAD," 	469,611,091 "," 	182,728,051 ",Mining,,BC,Canada,QT,20101012,,,Y,Y,,,,,,,,,,,," 	22,349,512 "," 	38,576,950 "," 	25,336 ",12
V-04529,1180790,TSXV,Colossus Resources Corp.,CLUS," 	1,683,660 "," 	21,045,750 ",Mining,,BC,Canada,IPO,20220804,,,,,,,,,,,,,,,," 	840,671 "," 	66,530 ", 	136 ,12
V-04835,1185815,TSXV,Comet Lithium Corporation,CLIC," 	10,398,834 "," 	29,710,953 ",Mining,,QC,Canada,Other,20140703,,,,,,,,,,,,,,,," 	7,412,814 "," 	1,669,909 "," 	1,258 ",12
V-04862,1186305,TSXV,Compass Gold Corporation,CVB," 	20,708,604 "," 	125,506,690 ",Mining,,BC,Canada,RTO from NEX,20171130,,,,,,,,,,,,,,,," 	4,875,240 "," 	848,458 ", 	690 ,12
V-04863,1186090,TSXV,Condor Resources Inc.,CN," 	23,302,412 "," 	150,338,141 ",Mining,,BC,Canada,Other,20060303,,,,,,,,,,,,,,,," 	12,702,194 "," 	1,750,777 "," 	1,937 ",12
V-04906,1186485,TSXV,Coniagas Battery Metals Inc.,COS," 	2,751,644 "," 	34,395,546 ",Mining,,BC,Canada,Other,20240318,,,,,,,,,,,,,,,," 	9,116,394 "," 	481,325 "," 	1,435 ",12
V-04796,1185410,TSXV,Conquest Resources Limited,CQR," 	5,411,084 "," 	135,277,106 ",Mining,,ON,Canada,,,,,,,,,,,,,,,,,," 	16,365,121 "," 	601,103 ", 	722 ,12
V-5036,1188420,TSXV,Consolidated Lithium Metals Inc.,CLM," 	22,783,947 "," 	455,678,933 ",Mining,,ON,Canada,,,,OTCQB,,,,,,,,,,,,,," 	98,893,581 "," 	2,660,533 "," 	3,020 ",12
V-04935,1186545,TSXV,CopAur Minerals Inc.,CPAU," 	19,884,085 "," 	120,509,609 ",Mining,,BC,Canada,,,,OTCQX,,,,,,,,,,,,,," 	26,664,211 "," 	3,231,230 "," 	3,001 ",12
V-04944,1186575,TSXV,Copper Fox Metals Inc.,CUU," 	407,144,221 "," 	581,634,602 ",Mining,,AB,Canada,QT,20050721,,OTCQX,Y,,,,,,,,,,,,," 	25,747,271 "," 	8,697,931 "," 	6,740 ",12
V-04873,1186235,TSXV,Copper Giant Resources Corp.,CGNT," 	73,291,511 "," 	149,574,512 ",Mining,,BC,Canada,QT,20101001,,OTCQB,Y,,Y,,,,,,,,,,," 	158,561,458 "," 	41,696,968 "," 	27,366 ",12
V-5080,1188922,TSXV,Copper Lake Resources Ltd.,CPL," 	4,065,057 "," 	271,003,770 ",Mining,,BC,Canada,,,,,,,,,,,,,,,,,," 	46,263,545 "," 	762,242 "," 	1,803 ",12
V-04874,1185661,TSXV,Copper Road Resources Inc.,CRD," 	5,418,263 "," 	77,403,763 ",Mining,,ON,Canada,QT,20040916,,,Y,,,,,,,,,,,,," 	28,324,856 "," 	983,542 "," 	1,266 ",12
V-04964,1187275,TSXV,CopperCorp Resources Inc.,CPER," 	8,683,872 "," 	118,957,146 ",Mining,,BC,Canada,IPO,20220111,,OTCQB,,,,,,,,,,,,,," 	59,859,022 "," 	6,075,475 "," 	5,643 ",12
V-04750,1185135,TSXV,CopperEx Resources Corporation,CUEX," 	3,183,301 "," 	31,833,014 ",Mining,,BC,Canada,QT,20240214,,,Y,,,,,,,,,,,,," 	12,823,698 "," 	807,774 ", 	873 ,12
V-04849,1185970,TSXV,Cordoba Minerals Corp.,CDB," 	73,299,905 "," 	92,784,690 ",Mining,,ON,Canada,IPO,20101014,,OTCQB,,,,,,,,,,,,,," 	7,984,779 "," 	5,454,961 "," 	1,730 ",12
V-04761,1185210,TSXV,Core Critical Metals Corp.,CCMC," 	7,817,216 "," 	11,844,267 ",Mining,,BC,Canada,IPO,20140925,,,,,,,,,,,,,,,," 	875,420 "," 	394,078 ", 	274 ,12
V-04912,1186525,TSXV,Core Nickel Corp.,CNCO," 	6,599,006 "," 	54,991,718 ",Mining,,SK,Canada,Other,20250507,,,,,,,,,,,,,,,," 	5,672,088 "," 	627,872 ", 	877 ,5
V-04808,1185560,TSXV,Cosa Resources Corp.,COSA," 	32,447,258 "," 	88,896,596 ",Mining,,BC,Canada,Other,20231018,,OTCQB,,,,,,,,,,,,,," 	31,764,537 "," 	8,243,251 "," 	7,542 ",12
V-04492,1181535,TSXV,Cosigo Resources Ltd.,CSG," 	7,760,438 "," 	103,472,512 ",Mining,,BC,Canada,RTO,20110425,,,,,,,,,,,,,,,," 	6,703,925 "," 	588,889 ", 	788 ,12
V-05001,1187935,TSXV,Critical Elements Lithium Corporation,CRE," 	97,456,662 "," 	232,039,672 ",Mining,,QC,Canada,Other,20070222,,OTCQX,,,,,,,,,,,,,," 	36,983,027 "," 	16,378,837 "," 	12,080 ",12
V-04825,1185125,TSXV,Culico Metals Inc.,CLCO," 	20,990,715 "," 	80,733,519 ",Mining,,ON,Canada,Other,20240816,,,,,,,,,,,,,,,," 	40,082,355 "," 	6,978,438 "," 	8,003 ",12
V-04949,1187070,TSXV,Cygnus Metals Limited,CYG," 	175,630,120 "," 	1,064,424,968 ",Mining,,Australia,Australia/NZ/PNG,QT,20191217,ASX,,Y,,,,,,,,,,,,," 	28,841,264 "," 	3,104,023 "," 	2,097 ",12
V-04997,1187438,TSXV,D2 Lithium Corp.,DTWO," 	1,086,954 "," 	36,231,804 ",Mining,,BC,Canada,,20050119,,,,,,,,,,,,,,,," 	5,081,438 "," 	191,941 ", 	590 ,12
V-04875,1185895,TSXV,Daura Gold Corp.,DGC," 	28,426,218 "," 	77,880,050 ",Mining,,BC,Canada,QT,20250127,,,Y,,,,,,,,,,,,," 	18,246,661 "," 	5,573,894 "," 	2,814 ",12
V-04907,1186480,TSXV,Decade Resources Ltd.,DEC," 	10,379,508 "," 	230,655,737 ",Mining,,BC,Canada,IPO,20071218,,,,,,,,,,,,,,,," 	97,555,137 "," 	3,509,629 "," 	2,978 ",12
V-04577,1182835,TSXV,Defense Metals Corp.,DEFN," 	102,083,163 "," 	392,627,550 ",Mining,,BC,Canada,IPO,20180119,,OTCQB,,,,,,,,,,,,,," 	109,328,545 "," 	26,113,663 "," 	19,204 ",12
V-04973,1187395,TSXV,Defiance Silver Corp.,DEF," 	91,013,222 "," 	364,052,889 ",Mining,,BC,Canada,QT,20090811,,OTCQX,Y,,,,,,,,,,,,," 	289,055,678 "," 	69,768,804 "," 	49,038 ",12
V-04826,1185440,TSXV,Delta Resources Limited,DLTA," 	23,081,210 "," 	135,771,822 ",Mining,,QC,Canada,,,,,,,,,,,,,,,,,," 	34,847,344 "," 	5,243,861 "," 	4,537 ",12
V-04864,1186195,TSXV,Desert Gold Ventures Inc.,DAU," 	21,639,328 "," 	270,491,599 ",Mining,,BC,Canada,RTO,20120518,,OTCQB,,,,,,,,,,,,,," 	31,551,110 "," 	2,306,151 "," 	1,313 ",12
V-04900,1186455,TSXV,DFR Gold Inc.,DFR," 	7,109,890 "," 	203,139,700 ",Mining,,BC,Canada,TSX Comedown,20130521,,,,,,,,,,,,,,,," 	5,921,105 "," 	137,482 ", 	356 ,12
V-04850,1185900,TSXV,Diamcor Mining Inc.,DMI," 	1,686,389 "," 	168,638,937 ",Mining,,BC,Canada,,,,OTCQB,,,,,,,,,,,,,," 	6,972,999 "," 	122,925 ", 	359 ,8
V-04851,1185880,TSXV,Dinero Ventures Ltd.,DNO," 	3,287,083 "," 	28,583,332 ",Mining,,BC,Canada,IPO,20220810,,,,,,,,,,,,,,,," 	179,000 "," 	17,900 ", 	4 ,2
V-04930,1187075,TSXV,Dios Exploration Inc.,DOS," 	3,035,177 "," 	121,407,066 ",Mining,,QC,Canada,,,,,,,,,,,,,,,,,," 	15,769,940 "," 	363,736 ", 	731 ,12
V-04960,1187040,TSXV,Discovery Harbour Resources Corp.,DHR," 	1,372,832 "," 	16,150,962 ",Mining,,BC,Canada,RTO,20130403,,,Y,,,,,,,,,,,,," 	2,186,367 "," 	152,679 ", 	268 ,12
V-04901,1186276,TSXV,Discovery-Corp Enterprises Inc.,DCY," 	610,855 "," 	12,217,096 ",Mining,,BC,Canada,,,,,,,,,,,,,,,,,,,,,
V-04994,1187425,TSXV,District Copper Corp.,DCOP," 	1,835,375 "," 	36,707,495 ",Mining,,BC,Canada,,,,,,,,,,,,,,,,,," 	11,680,687 "," 	826,035 "," 	1,332 ",12
V-04777,1185250,TSXV,District Metals Corp.,DMX," 	179,264,525 "," 	169,117,476 ",Mining,,BC,Canada,,,Nasdaq Nordic,OTCQB,,Y,Y,,,,,,,,,,," 	144,767,317 "," 	137,356,083 "," 	73,104 ",12
V-04916,1186510,TSXV,Dixie Gold Inc.,DG," 	1,586,859 "," 	31,737,188 ",Mining,,BC,Canada,Other,20111222,,,,,,,,,,,,,,,," 	5,177,069 "," 	259,605 ", 	468 ,12
V-04827,1185840,TSXV,DLP Resources Inc.,DLP," 	50,649,957 "," 	153,484,717 ",Mining,,BC,Canada,QT,20191122,,OTCQB,Y,,,,,,,,,,,,," 	19,712,770 "," 	5,973,784 "," 	2,979 ",12
V-04829,1185140,TSXV,Dolly Varden Silver Corporation,DV," 	545,481,270 "," 	90,913,545 ",Mining,,BC,Canada,Other,20120214,,OTCQX,,Y,,,,,,,,,,,," 	51,244,066 "," 	190,141,962 "," 	111,249 ",12
V-04734,1184810,TSXV,Domestic Metals Corp.,DMCU," 	15,839,654 "," 	48,737,398 ",Mining,,BC,Canada,Other,20171121,,,,,,,,,,,,,,,," 	13,704,735 "," 	3,139,293 "," 	2,280 ",12
V-04471,1180895,TSXV,Doubleview Gold Corp.,DBG," 	220,542,611 "," 	225,043,481 ",Mining,,BC,Canada,QT,20110722,,OTCQB,Y,Y,,,,,,,,,,,," 	81,990,656 "," 	63,811,787 "," 	27,088 ",12
V-04403,1180185,TSXV,Dryden Gold Corp.,DRY," 	73,415,859 "," 	212,799,590 ",Mining,,ON,Canada,Other,20231229,,OTCQB,,,,,,,,,,,,,," 	102,797,011 "," 	23,277,258 "," 	20,739 ",12
V-04764,1184835,TSXV,Dynasty Gold Corp.,DYG," 	14,420,389 "," 	73,950,713 ",Mining,,BC,Canada,,20030514,,,,,,,,,,,,,,,," 	18,796,018 "," 	3,121,007 "," 	2,967 ",12
V-04917,1186580,TSXV,E2Gold Inc.,ETU," 	1,147,522 "," 	229,504,367 ",Mining,,ON,Canada,IPO,20201230,,,,,,,,,,,,,,,," 	36,036,951 "," 	190,706 ", 	912 ,9
V-04877,1185780,TSXV,E3 Lithium Ltd.,ETL," 	80,775,926 "," 	86,855,834 ",Mining,,AB,Canada,,,,OTCQX,,Y,,,,,,,,,,,," 	35,199,615 "," 	36,133,520 "," 	29,891 ",12
V-04809,1185592,TSXV,Eagle Plains Resources Ltd.,EPL," 	17,856,345 "," 	115,202,227 ",Mining,,BC,Canada,,19940406,,,,,,,,,,,,,,,," 	17,927,801 "," 	2,380,709 "," 	2,191 ",12
V-04610,1182820,TSXV,East Africa Metals Inc.,EAM," 	25,552,489 "," 	268,973,569 ",Mining,,BC,Canada,Other,20130711,,,,,,,,,,,,,,,," 	14,433,688 "," 	1,907,083 "," 	1,293 ",12
V-04567,1182845,TSXV,Eastfield Resources Ltd.,ETF," 	7,251,503 "," 	111,561,585 ",Mining,,BC,Canada,,,,,,,,,,,,,,,,,," 	24,419,721 "," 	828,964 "," 	2,408 ",12
V-04520,1181425,TSXV,Eastport Critical Metals Corp.,EVI," 	17,925,807 "," 	30,906,564 ",Mining,,BC,Canada,QT,20251120,,,Y,,,,,,,,,,,,," 	993,217 "," 	544,577 ", 	239 ,5
V-04878,1185431,TSXV,Edge Copper Corporation,EDCU," 	44,724,255 "," 	120,876,364 ",Mining,,BC,Canada,IPO,20120409,,,,,,,,,,,,,,,," 	14,821,793 "," 	2,169,806 "," 	2,195 ",12
V-04952,1187060,TSXV,Edison Lithium Corp.,EDDY," 	1,138,235 "," 	18,970,583 ",Mining,,BC,Canada,IPO,20110803,,,,,,,,,,,,,,,," 	5,605,261 "," 	417,685 ", 	781 ,12
V-04975,1187242,TSXV,EDM Resources Inc.,EDM," 	5,935,741 "," 	62,481,488 ",Mining,,NS,Canada,,,,,,,,,,,,,,,,,," 	11,071,114 "," 	1,007,436 "," 	1,164 ",12
V-04545,1182480,TSXV,EGR Exploration Ltd.,EGR," 	1,459,472 "," 	41,699,202 ",Mining,,BC,Canada,Other,20100929,,,,,,,,,,,,,,,," 	6,828,114 "," 	237,335 ", 	354 ,12
V-04630,1183085,TSXV,Elcora Advanced Materials Corp.,ERA," 	2,555,655 "," 	17,037,701 ",Mining,,NS,Canada,QT,20130312,,,Y,,,,,,,,,,,,," 	3,057,976 "," 	302,297 ", 	570 ,12
V-5061,1188625,TSXV,Electra Battery Materials Corporation,ELBM," 	107,092,807 "," 	96,480,006 ",Mining,,BC,Canada,Other,20121003,NasdaqCM,,,,,,,,,,,,,,," 	49,992,217 "," 	110,119,719 "," 	108,267 ",12
V-04922,1185950,TSXV,Electric Metals (USA) Limited,EML," 	83,314,746 "," 	200,758,424 ",Mining,,ON,Canada,QT,20210507,,OTCQB,Y,,,,,,,,,,,,," 	29,747,747 "," 	7,698,171 "," 	5,845 ",12
V-04508,1181920,TSXV,Electric Royalties Ltd.,ELEC," 	17,160,680 "," 	127,116,147 ",Mining,,BC,Canada,QT,20200629,,OTCQB,Y,,,,,,,,,,,,," 	14,422,394 "," 	2,031,050 "," 	2,656 ",12
V-04953,1186625,TSXV,Electrum Discovery Corp.,ELY," 	8,565,004 "," 	122,357,195 ",Mining,,BC,Canada,RTO,20240123,,,,,,,,,,,,,,,," 	57,421,718 "," 	4,816,776 "," 	4,218 ",12
V-04813,1185460,TSXV,Element 29 Resources Inc.,ECU," 	186,610,171 "," 	155,508,476 ",Mining,,BC,Canada,IPO,20201207,,OTCQB,,,,,,,,,,,,,," 	15,325,359 "," 	9,457,527 "," 	3,951 ",12
V-04374,1178715,TSXV,Elemental Royalty Corporation,ELE," 	1,482,770,784 "," 	63,829,995 ",Mining,,BC,Canada,RTO from NEX,20200730,,OTCQX,,Y,,,,,,,,,,,," 	25,003,427 "," 	106,517,684 "," 	47,091 ",12
V-04880,1186225,TSXV,Emergent Metals Corp.,EMR," 	2,588,558 "," 	51,771,157 ",Mining,,BC,Canada,,,,OTCQB,,,,,,,,,,,,,," 	17,604,738 "," 	727,695 "," 	1,006 ",12
V-04801,1185605,TSXV,Emerita Resources Corp.,EMO," 	150,517,788 "," 	289,457,285 ",Mining,,BC,Canada,QT,20130111,,OTCQB,Y,Y,Y,,,,,,,,,,," 	145,730,614 "," 	159,221,791 "," 	109,958 ",12
V-04643,1183835,TSXV,Eminent Gold Corp.,EMNT," 	23,796,769 "," 	78,022,194 ",Mining,,BC,Canada,IPO,20121019,,OTCQB,,,,,,,,,,,,,," 	10,503,687 "," 	3,826,005 "," 	3,603 ",12
V-04735,1184986,TSXV,Empress Royalty Corp.,EMPR," 	134,655,049 "," 	128,242,904 ",Mining,,BC,Canada,Other,20201229,,OTCQX,,Y,,,,,,,,,,,," 	57,876,102 "," 	46,332,749 "," 	33,523 ",12
V-04966,1187335,TSXV,enCore Energy Corp.,EU," 	612,478,926 "," 	187,302,424 ",Mining,,NV,USA,RTO,20130521,NasdaqCM,,Y,Y,,Reno,,,,,,,,,," 	87,027,782 "," 	295,617,804 "," 	153,250 ",12
V-04984,1187340,TSXV,Endurance Gold Corporation,EDG," 	60,822,134 "," 	176,296,042 ",Mining,,BC,Canada,Other,20050804,,,,,,,,,,,,,,,," 	12,647,401 "," 	2,913,184 "," 	3,615 ",12
V-04660,1183920,TSXV,Enduro Metals Corporation,ENDR," 	11,785,853 "," 	76,037,759 ",Mining,,BC,Canada,QT,20101110,,OTCQB,Y,,,,,,,,,,,,," 	10,739,474 "," 	1,683,563 "," 	1,815 ",12
V-04736,1184940,TSXV,Enerev5 Metals Inc.,ENEV," 	2,788,839 "," 	278,883,918 ",Mining,,ON,Canada,,,,,,,,,,,,,,,,,," 	11,338,351 "," 	63,766 ", 	451 ,12
V-04765,1185095,TSXV,Engineer Gold Mines Ltd.,EAU," 	2,479,646 "," 	26,101,533 ",Mining,,BC,Canada,Other,20180626,,,,,,,,,,,,,,,," 	5,806,117 "," 	299,653 ", 	456 ,12
V-04802,1185530,TSXV,Engold Mines Ltd.,EGM," 	2,689,800 "," 	41,381,546 ",Mining,,BC,Canada,,,,,,,,,,,,,,,,,," 	3,284,328 "," 	178,203 ", 	452 ,12
V-04831,1185645,TSXV,EON Lithium Corp.,EON," 	347,557 "," 	17,377,857 ",Mining,,BC,Canada,,,,,,,,,,,,,,,,,," 	1,634,811 "," 	44,557 ", 	105 ,5
V-04816,1185631,TSXV,Equity Metals Corporation,EQTY," 	91,777,222 "," 	232,347,398 ",Mining,,BC,Canada,,,,OTCQB,,,,,,,,,,,,,," 	143,254,267 "," 	34,509,120 "," 	22,262 ",12
V-04638,1183382,TSXV,Eskay Mining Corp.,ESK," 	45,708,945 "," 	186,567,123 ",Mining,,BC,Canada,,,,,,,,,,,,,,,,,," 	16,344,848 "," 	4,800,371 "," 	5,175 ",12
V-02423,1110620,TSXV,Essex Resources Corp.,ESXR," 	2,563,875 "," 	9,675,000 ",Mining,,BC,Canada,IPO,20251023,,,,,,,,,,,,,,,," 	158,925 "," 	39,269 ", 	51 ,3
V-03689,1134760,TSXV,Euro Manganese Inc.,EMN," 	23,562,743 "," 	142,804,504 ",Mining,,BC,Canada,IPO,20181002,ASX,OTCQB,,,,,,,,,,,,,," 	37,347,054 "," 	5,078,848 "," 	4,023 ",12
V-04272,1174860,TSXV,Euromax Resources Ltd.,EOX," 	15,094,330 "," 	754,716,491 ",Mining,,UK,UK/Europe,TSX Comedown,20240109,,,,,,,,,,,,,,,," 	2,976,097 "," 	52,887 ", 	247 ,12
V-5070,1188705,TSXV,European Electric Metals Inc.,EVX," 	14,084,773 "," 	50,302,762 ",Mining,,BC,Canada,Other,20071019,,,,,,,,,,,,,,,," 	3,335,249 "," 	827,167 ", 	252 ,2
V-03686,1142750,TSXV,EV Nickel Inc.,EVNI," 	33,134,678 "," 	144,063,816 ",Mining,,ON,Canada,IPO,20211203,,,,,,,,,,,,,,,," 	17,990,355 "," 	4,209,146 "," 	1,232 ",12
V-04167,1167075,TSXV,Evergold Corp.,EVER," 	2,428,180 "," 	12,140,901 ",Mining,,ON,Canada,IPO,20191004,,,,,,,,,,,,,,,," 	28,963,427 "," 	885,524 "," 	1,156 ",12
V-04481,1181296,TSXV,Excalibur Metals Corp.,EXCL," 	7,983,004 "," 	45,617,163 ",Mining,,NV,USA,QT,20250911,,,Y,,,Carson City,,,,,,,,,," 	2,129,823 "," 	423,801 ", 	221 ,4
V-00207,1100092,TSXV,Excellon Resources Inc.,EXN," 	175,374,854 "," 	337,259,334 ",Mining,,ON,Canada,TSX Comedown,20250507,,,,,,,,,,,,,,,," 	264,784,248 "," 	80,711,001 "," 	56,980 ",8
V-02505,1112704,TSXV,ExGen Resources Inc.,EXG," 	12,006,479 "," 	109,149,808 ",Mining,,AB,Canada,,,,,,,,,,,,,,,,,," 	4,646,236 "," 	484,754 ", 	638 ,12
V-01173,30994,TSXV,F3 Uranium Corp.,FUU," 	93,871,324 "," 	625,808,829 ",Mining,,BC,Canada,Other,20131210,,OTCQB,,Y,,,,,,,,,,,," 	328,205,521 "," 	61,043,184 "," 	57,498 ",12
V-04149,1164225,TSXV,F4 Uranium Corp.,FFU," 	5,315,966 "," 	81,784,086 ",Mining,,BC,Canada,Other,20250325,,,,,,,,,,,,,,,," 	40,039,660 "," 	3,209,538 "," 	6,209 ",10
V-00055,1008741,TSXV,Fairchild Gold Corp.,FAIR," 	12,345,490 "," 	164,606,532 ",Mining,,BC,Canada,IPO,20210616,,,,,,,,,,,,,,,," 	53,595,451 "," 	3,144,008 "," 	1,943 ",12
V-01996,1099899,TSXV,Falco Resources Ltd.,FPC," 	147,351,598 "," 	346,709,643 ",Mining,,QC,Canada,QT,20120925,,,Y,,Y,,,,,,,,,,," 	73,315,865 "," 	19,926,944 "," 	11,276 ",12
V-04455,1181461,TSXV,Falcon Energy Materials PLC,FLCN," 	98,878,570 "," 	128,413,727 ",Mining,,UAE,Other,RTO,20170116,,,,,,,,,,,,,,,," 	10,421,433 "," 	6,479,431 "," 	3,501 ",12
V-00787,1074373,TSXV,Falcon Gold Corp.,FG," 	3,558,683 "," 	177,934,130 ",Mining,,ON,Canada,QT from NEX,20110503,,,Y,,,,,,,,,,,,," 	90,547,136 "," 	1,557,760 "," 	2,637 ",12
V-02768,1116771,TSXV,Fancamp Exploration Ltd.,FNC," 	33,969,614 "," 	242,640,101 ",Mining,,BC,Canada,,,,,,,,,,,,,,,,,," 	35,368,246 "," 	3,313,832 "," 	2,279 ",12
V-04241,1173305,TSXV,Fidelity Minerals Corp.,FMN," 	6,174,705 "," 	38,591,906 ",Mining,,BC,Canada,Other,20061025,SSEV,,,,,,,,,,,,,,," 	13,119,265 "," 	617,761 ", 	488 ,12
V-04742,1184845,TSXV,FinEx Metals Ltd.,FINX," 	9,267,135 "," 	59,787,968 ",Mining,,BC,Canada,Other,20250618,,,,,,,,,,,,,,,," 	12,171,848 "," 	3,182,615 "," 	2,891 ",7
V-03675,1138435,TSXV,Finlay Minerals Ltd.,FYL," 	19,538,613 "," 	169,900,985 ",Mining,,BC,Canada,,,,OTCQB,,,,,,,,,,,,,," 	46,561,893 "," 	4,336,821 "," 	3,585 ",12
V-00248,1013706,TSXV,FireFox Gold Corp.,FFOX," 	16,863,979 "," 	38,327,225 ",Mining,,BC,Canada,IPO,20181221,,OTCQB,,,,,,,,,,,,,," 	33,235,725 "," 	3,198,928 "," 	2,972 ",12
V-04222,1169230,TSXV,Fireweed Metals Corp.,FWZ," 	571,472,312 "," 	210,875,392 ",Mining,,BC,Canada,IPO,20170529,,OTCQX,,Y,,,,,,,,,,,," 	72,169,655 "," 	173,191,901 "," 	77,905 ",12
V-03823,1148145,TSXV,First Andes Silver Ltd.,FAS," 	9,519,912 "," 	67,999,372 ",Mining,,BC,Canada,QT from NEX,20210601,,,Y,,,,,,,,,,,,," 	57,400,817 "," 	6,035,968 "," 	4,997 ",12
V-02778,1117741,TSXV,First Atlantic Nickel Corp.,FAN," 	24,562,960 "," 	111,649,819 ",Mining,,BC,Canada,IPO,20130619,,OTCQB,,,,,,,,,,,,,," 	62,275,212 "," 	14,004,696 "," 	12,122 ",12
V-02366,1108203,TSXV,First Canadian Graphite Inc.,FCI," 	5,157,320 "," 	27,143,787 ",Mining,,BC,Canada,,,,OTCQB,,,,,,,,,,,,,," 	4,692,630 "," 	754,652 "," 	1,091 ",12
V-01416,1062268,TSXV,Fitzroy Minerals Inc.,FTZ," 	133,475,246 "," 	278,073,429 ",Mining,,BC,Canada,,,,OTCQB,,,,,,,,,,,,,," 	62,523,976 "," 	18,145,451 "," 	7,895 ",12
V-00329,1060812,TSXV,Fjordland Exploration Inc.,FEX," 	1,244,033 "," 	82,935,531 ",Mining,,BC,Canada,,,,,,,,,,,,,,,,,," 	10,400,487 "," 	144,514 ", 	280 ,12
V-04086,1156385,TSXV,Focus Graphite Inc.,FMS," 	47,092,162 "," 	108,257,843 ",Mining,,ON,Canada,Other,20100525,,OTCQB,,,,,,,,,,,,,," 	42,354,300 "," 	12,419,440 "," 	9,473 ",12
V-04945,1186875,TSXV,Fokus Mining Corporation,FKM," 	33,066,278 "," 	183,701,543 ",Mining,,QC,Canada,Other,20050107,,OTCQB,,,,,,,,,,,,,," 	59,345,635 "," 	9,052,302 "," 	3,974 ",12
V-03684,1177685,TSXV,Fort St. James Nickel Corp.,FTJ," 	1,312,413 "," 	26,248,262 ",Mining,,BC,Canada,,,,,,,,,,,,,,,,,," 	887,678 "," 	41,846 ", 	62 ,10
V-03623,1135135,TSXV,Fortune Bay Corp.,FOR," 	48,334,446 "," 	68,076,685 ",Mining,,NS,Canada,Other,20160705,,OTCQB,,,,,,,,,,,,,," 	11,506,744 "," 	7,014,373 "," 	3,732 ",12
V-04754,1185006,TSXV,Founders Metals Inc.,FDR," 	511,411,951 "," 	114,924,034 ",Mining,,AB,Canada,Other,20210303,,OTCQB,,Y,Y,,,,,,,,,,," 	52,262,434 "," 	229,052,589 "," 	114,242 ",12
V-01820,1057714,TSXV,FPX Nickel Corp.,FPX," 	163,628,458 "," 	314,670,112 ",Mining,,BC,Canada,TSX Comedown,20161017,,OTCQB,,,,,,,,,,,,,," 	19,881,933 "," 	6,494,438 "," 	6,103 ",12
V-02625,1115439,TSXV,Fredonia Mining Inc.,FRED," 	18,927,584 "," 	45,608,635 ",Mining,,Argentina,Latin America,QT from NEX,20210714,,,Y,,,,,,,,,,,,," 	3,550,343 "," 	1,640,538 ", 	815 ,12
V-01834,1023851,TSXV,Freeman Gold Corp.,FMAN," 	86,135,416 "," 	307,626,484 ",Mining,,BC,Canada,Other,20220208,,OTCQB,,,,,,,,,,,,,," 	98,654,706 "," 	16,686,840 "," 	8,603 ",12
V-01874,820649,TSXV,Freeport Resources Inc.,FRI," 	10,218,361 "," 	340,612,020 ",Mining,,BC,Canada,,,,OTCQB,,,,,,,,,,,,,," 	36,695,162 "," 	1,137,241 "," 	1,165 ",12
V-02197,42383,TSXV,Frontier Lithium Inc.,FL," 	161,396,929 "," 	230,567,041 ",Mining,,ON,Canada,,19950410,,OTCQX,,Y,,,,,,,,,,,," 	32,209,955 "," 	19,030,419 "," 	14,070 ",12
V-04100,1160695,TSXV,Fuerte Metals Corporation,FMT," 	812,315,180 "," 	129,555,850 ",Mining,,BC,Canada,Other,20210907,,OTCQB,,,,,,,,,,,,,," 	20,412,867 "," 	47,455,893 "," 	17,511 ",12
V-02155,1019560,TSXV,Full Metal Minerals Ltd.,FMM," 	3,558,747 "," 	59,312,456 ",Mining,,BC,Canada,,,,,,,,,,,,,,,,,," 	1,498,430 "," 	69,550 ", 	190 ,12
V-02442,1110533,TSXV,Fuse Battery Metals Inc.,FUSE," 	1,505,190 "," 	37,629,745 ",Mining,,BC,Canada,,,,OTCQB,,,,,,,,,,,,,," 	1,824,982 "," 	70,443 ", 	378 ,7
V-04791,1184800,TSXV,Future Fuels Inc.,FTUR," 	63,117,816 "," 	90,168,308 ",Mining,,BC,Canada,,,,,,,,,,,,,,,,,," 	34,378,968 "," 	23,465,029 "," 	9,774 ",12
V-00125,1080452,TSXV,Gabriel Resources Ltd.,GBU," 	22,177,875 "," 	277,223,441 ",Mining,,England,UK/Europe,TSX Comedown,20180201,,,,,,,,,,,,,,,," 	10,679,819 "," 	820,993 "," 	1,496 ",12
V-00052,35946,TSXV,Galactic Gold Corp.,GGAU," 	8,148,158 "," 	49,382,778 ",Mining,,BC,Canada,QT,20251105,,,Y,,,,,,,,,,,,," 	1,410,588 "," 	180,567 ", 	131 ,6
V-03949,1151957,TSXV,Galantas Gold Corporation,GAL," 	16,550,080 "," 	132,400,637 ",Mining,,ON,Canada,,,AIM,OTCQX,,,,,,,,,,,,,," 	29,200,216 "," 	2,486,681 "," 	2,865 ",12
V-02957,1120725,TSXV,Galleon Gold Corp.,GGO," 	137,370,780 "," 	129,595,075 ",Mining,,ON,Canada,TSX Comedown,20131010,,,,,,,,,,,,,,,," 	39,764,863 "," 	23,193,275 "," 	17,408 ",12
V-04157,1062273,TSXV,Galore Resources Inc.,GRI," 	4,432,517 "," 	177,300,669 ",Mining,,BC,Canada,Other,20070319,,OTCQB,,,,,,,,,,,,,," 	3,820,699 "," 	101,264 ", 	405 ,12
V-04709,1184840,TSXV,Galway Metals Inc.,GWM," 	94,320,170 "," 	125,760,227 ",Mining,,ON,Canada,Other,20130104,,OTCQB,,,,,,,,,,,,,," 	66,918,771 "," 	40,776,531 "," 	20,980 ",12
V-00682,822073,TSXV,Gamma Resources Ltd.,GAMA," 	4,916,667 "," 	32,777,781 ",Mining,,BC,Canada,,,,,,,,,,,,,,,,,," 	8,449,389 "," 	1,003,700 "," 	1,324 ",12
V-04989,1186680,TSXV,Garibaldi Resources Corp.,GGI," 	19,765,272 "," 	152,040,555 ",Mining,,BC,Canada,,,,,,,,,,,,,,,,,," 	13,310,003 "," 	1,292,179 "," 	1,927 ",12
V-00681,19977,TSXV,Geiger Energy Corporation,BEEP," 	14,581,364 "," 	58,325,455 ",Mining,,AB,Canada,QT,20200610,,OTCQB,Y,,,,,,,,,,,,," 	48,041,842 "," 	5,344,987 "," 	6,940 ",12
V-01286,1023102,TSXV,Generation Uranium Inc.,GEN," 	2,912,874 "," 	48,547,892 ",Mining,,BC,Canada,QT,20221228,,OTCQB,Y,,,,,,,,,,,,," 	13,469,644 "," 	853,179 "," 	1,320 ",12
V-05022,1188285,TSXV,Gensource Potash Corporation,GSP," 	29,298,631 "," 	450,748,164 ",Mining,Agriculture,ON,Canada,,,AIM,,,,,,,,,,,,,,," 	34,107,883 "," 	2,691,176 "," 	2,589 ",12
V-01039,1100352,TSXV,Geomega Resources Inc.,GMA," 	61,084,243 "," 	160,748,007 ",Mining,,QC,Canada,IPO,20100930,,OTCQB,,,,,,,,,,,,,," 	41,739,456 "," 	11,295,177 "," 	8,206 ",12
V-00966,1023294,TSXV,Getty Copper Inc.,GTC," 	12,479,190 "," 	166,389,205 ",Mining,,BC,Canada,,,,,,,,,,,,,,,,,," 	3,092,400 "," 	162,445 ", 	208 ,7
V-01023,1092131,TSXV,GFG Resources Inc.,GFG," 	42,348,563 "," 	302,489,739 ",Mining,,SK,Canada,QT from NEX,20161027,,OTCQB,Y,,,,,,,,,,,,," 	39,963,575 "," 	6,598,554 "," 	3,861 ",12
V-03015,1118618,TSXV,GGL Resources Corp.,GGL," 	5,217,874 "," 	104,357,475 ",Mining,,BC,Canada,,,,,,,,,,,,,,,,,," 	3,606,886 "," 	199,618 ", 	337 ,12
V-01442,1023596,TSXV,GGX Gold Corp.,GGX," 	2,111,691 "," 	38,394,380 ",Mining,,BC,Canada,IPO,20110216,,,,,,,,,,,,,,,," 	7,885,227 "," 	382,269 ", 	412 ,12
V-01516,1062230,TSXV,Giga Metals Corporation,GIGA," 	15,769,363 "," 	131,411,358 ",Mining,,BC,Canada,TSX Comedown,20141020,,OTCQX,,,,,,,,,,,,,," 	24,269,316 "," 	2,446,969 "," 	4,275 ",12
V-01663,1045838,TSXV,Giyani Metals Corp.,EMM," 	24,477,413 "," 	335,307,025 ",Mining,,ON,Canada,QT,20091120,,,Y,,,,,,,,,,,,," 	29,888,634 "," 	2,429,184 "," 	2,214 ",12
V-04757,1185015,TSXV,Glacier Lake Resources Inc.,GLI," 	1,190,890 "," 	21,652,554 ",Mining,,BC,Canada,IPO,20091007,,,,,,,,,,,,,,,," 	5,368,742 "," 	177,933 ", 	161 ,12
V-03700,1141865,TSXV,Gladiator Metals Corp.,GLAD," 	112,747,781 "," 	99,776,797 ",Mining,,BC,Canada,QT from NEX,20211014,,OTCQB,Y,,,,,,,,,,,,," 	31,512,657 "," 	25,530,012 "," 	11,768 ",12
V-03995,1155991,TSXV,Glen Eagle Resources Inc.,GER," 	729,010 "," 	145,801,985 ",Mining,,QC,Canada,,,,,,,,,,,,,,,,,,,,,
V-03025,1126275,TSXV,Global Battery Metals Ltd.,GBML," 	981,741 "," 	7,853,927 ",Mining,,BC,Canada,TSX Comedown,20140428,,OTCQB,,,,,,,,,,,,,," 	3,491,456 "," 	303,261 ", 	704 ,12
V-01976,39935,TSXV,Global Copper Corp.,CUCU," 	906,455 "," 	45,322,738 ",Mining,,ON,Canada,,,,,,,,,,,,,,,,,," 	5,532,893 "," 	83,017 ", 	221 ,11
V-04794,1185565,TSXV,Global Energy Metals Corporation,GEMC," 	1,689,303 "," 	67,572,127 ",Mining,,BC,Canada,Other,20170301,,OTCQB,,,,,,,,,,,,,," 	7,693,368 "," 	244,678 ", 	488 ,12
V-04250,1172465,TSXV,GMV Minerals Inc.,GMV," 	31,237,588 "," 	122,500,346 ",Mining,,BC,Canada,QT,20080104,,OTCQB,Y,,,,,,,,,,,,," 	31,866,431 "," 	7,341,779 "," 	5,125 ",12
V-04285,1176495,TSXV,Golconda Gold Ltd.,GG," 	177,075,378 "," 	71,401,362 ",Mining,,ON,Canada,QT from NEX,20110906,,OTCQB,Y,,,,,,,,,,,,," 	29,185,887 "," 	36,206,095 "," 	18,902 ",12
V-04432,1180951,TSXV,Gold Basin Resources Corporation,GXX," 	6,080,872 "," 	135,130,486 ",Mining,,BC,Canada,Other,20211220,,OTCQB,,,,,,,,,,,,,," 	6,028,827 "," 	182,291 ", 	226 ,5
V-00330,1087951,TSXV,Gold Finder Resources Ltd.,GLD," 	6,727,520 "," 	67,275,201 ",Mining,,BC,Canada,,,,,,,,,,,,,,,,,," 	44,437,352 "," 	2,841,684 "," 	3,557 ",12
V-04240,1173500,TSXV,Gold Hart Copper Corp.,HART," 	26,042,588 "," 	130,212,941 ",Mining,,ON,Canada,Other,20250321,,,,,,,,,,,,,,,," 	42,605,063 "," 	7,936,947 "," 	5,020 ",10
V-04469,1179370,TSXV,Gold Reserve Inc.,GRZ," 	279,790,004 "," 	122,714,914 ",Mining,,WA,USA,TSX Comedown,20120201,SSEV,,,,,Spokane,,,,,,,,,," 	5,198,145 "," 	15,630,669 "," 	9,741 ",12
V-04237,1170010,TSXV,Gold Strategy Inc.,GST," 	1,327,490 "," 	1,061,992 ",Mining,,BC,Canada,,,,,,,,,,,,,,,,,," 	1,718,695 "," 	102,300 ", 	234 ,12
V-01635,1003651,TSXV,Gold Strike Resources Corp.,GSR," 	37,851,720 "," 	70,095,777 ",Mining,,BC,Canada,Other,20060517,,,,,,,,,,,,,,,," 	35,252,799 "," 	19,943,294 "," 	9,989 ",12
V-04145,1166025,TSXV,Gold Terra Resource Corp.,YGT," 	89,073,897 "," 	468,809,984 ",Mining,,BC,Canada,IPO,20080703,,OTCQX,,,,,,,,,,,,,," 	97,583,902 "," 	9,849,416 "," 	9,542 ",12
V-00007,1068761,TSXV,Gold X2 Mining Inc.,AUXX," 	332,872,944 "," 	496,825,290 ",Mining,,BC,Canada,RTO from NEX,20210604,,OTCQB,,Y,,,,,,,,,,,," 	169,994,461 "," 	69,585,565 "," 	31,476 ",12
V-04274,1176395,TSXV,Goldbank Mining Corporation,GLB," 	72,995,209 "," 	192,092,655 ",Mining,,BC,Canada,,,,,,,,,,,,,,,,,," 	831,027 "," 	271,374 ", 	198 ,12
V-00910,25138,TSXV,Goldcliff Resource Corporation,GCN," 	4,446,635 "," 	80,847,907 ",Mining,,BC,Canada,,,,,,,,,,,,,,,,,," 	16,140,752 "," 	961,139 "," 	1,125 ",12
V-04328,1178940,TSXV,Golden Arrow Resources Corporation,GRG," 	11,859,162 "," 	169,416,596 ",Mining,,BC,Canada,,,,OTCQB,,,,,,,,,,,,,," 	14,849,334 "," 	936,757 "," 	1,119 ",12
V-04712,1183910,TSXV,Golden Cross Resources Inc.,AUX," 	25,651,406 "," 	75,445,311 ",Mining,,BC,Canada,TSX Comedown,20150331,,,,,,,,,,,,,,,," 	93,559,758 "," 	54,770,224 "," 	28,481 ",9
V-00363,698705,TSXV,Golden Goliath Resources Ltd.,GNG," 	4,196,363 "," 	49,368,981 ",Mining,,BC,Canada,,,,,,,,,,,,,,,,,," 	5,648,424 "," 	357,796 ", 	689 ,12
V-04487,1181621,TSXV,Golden Pursuit Resources Ltd.,GDP," 	11,240,450 "," 	44,961,800 ",Mining,,BC,Canada,RTO,20050119,,,,,,,,,,,,,,,," 	1,182,273 "," 	241,133 ", 	214 ,10
V-04921,1186675,TSXV,Golden Ridge Resources Ltd.,GLDN," 	2,927,066 "," 	58,541,320 ",Mining,,BC,Canada,RTO,20171019,,,Y,,,,,,,,,,,,," 	5,432,208 "," 	245,930 ", 	302 ,2
V-04555,1181730,TSXV,Golden Sky Minerals Corp.,AUEN," 	7,150,384 "," 	23,834,613 ",Mining,,BC,Canada,Other,20180814,,,,,,,,,,,,,,,," 	12,528,103 "," 	3,782,770 "," 	3,020 ",12
V-5031,1188321,TSXV,Goldex Resources Corporation,GDX," 	1,820,650 "," 	33,102,722 ",Mining,,BC,Canada,,,,,,,,,,,,,,,,,," 	1,925,299 "," 	118,769 ", 	180 ,5
V-00494,1096521,TSXV,Goldflare Exploration Inc.,GOFL," 	1,276,286 "," 	31,907,158 ",Mining,,QC,Canada,,,,,Y,,,,,,,,,,,,," 	2,084,132 "," 	93,229 ", 	216 ,8
V-04842,1186116,TSXV,Goldgroup Mining Inc.,GGA," 	456,234,667 "," 	292,458,120 ",Mining,,ON,Canada,TSX Comedown,20240220,,,,Y,,,,,,,,,,,," 	66,590,776 "," 	56,745,477 "," 	29,439 ",12
V-03084,1127835,TSXV,Goldhills Holding Ltd.,GHL," 	1,100,820 "," 	31,452,006 ",Mining,,BC,Canada,RTO,20050422,,,,,,,,,,,,,,,," 	3,091,183 "," 	119,500 ", 	129 ,12
V-04218,1170025,TSXV,GoldQuest Mining Corp.,GQC," 	621,929,102 "," 	368,005,386 ",Mining,,BC,Canada,,,,,,Y,,,,,,,,,,,," 	45,314,624 "," 	46,590,892 "," 	18,873 ",12
V-04215,1167235,TSXV,Goldsky Resources Corp.,GSKR," 	370,966,867 "," 	176,650,889 ",Mining,,BC,Canada,Other,20150929,Nasdaq Nordic,OTCQB,,Y,Y,,,,,,,,,,," 	128,527,509 "," 	60,687,349 "," 	33,484 ",12
V-03767,1145690,TSXV,Goldstorm Metals Corp.,GSTM," 	17,630,863 "," 	106,853,715 ",Mining,,BC,Canada,Other,20221111,,,,,,,,,,,,,,,," 	51,378,977 "," 	8,673,689 "," 	7,502 ",12
V-04185,1168160,TSXV,Goliath Resources Limited,GOT," 	434,211,570 "," 	173,684,628 ",Mining,,QC,Canada,QT from NEX,20171018,,OTCQB,Y,Y,,,,,,,,,,,," 	95,693,329 "," 	214,438,805 "," 	115,189 ",12
V-04640,1183930,TSXV,Gossan Resources Limited,GSS," 	2,361,081 "," 	67,459,471 ",Mining,,MB,Canada,,,,,,,,,,,,,,,,,," 	12,354,394 "," 	352,275 ", 	618 ,12
V-00082,1023715,TSXV,GPM Metals Inc.,GPM," 	14,377,748 "," 	143,777,479 ",Mining,,ON,Canada,,,,,,,,,,,,,,,,,," 	33,528,905 "," 	4,733,982 "," 	2,123 ",12
V-04749,1185085,TSXV,GR Silver Mining Ltd.,GRSL," 	200,563,444 "," 	501,408,609 ",Mining,,BC,Canada,QT,20180306,,OTCQB,Y,Y,,,,,,,,,,,," 	380,347,045 "," 	100,475,781 "," 	61,171 ",12
V-04081,1159325,TSXV,Granada Gold Mine Inc.,GGM," 	8,255,827 "," 	165,116,549 ",Mining,,BC,Canada,,,,,,,,,,,,,,,,,," 	44,490,996 "," 	1,719,771 "," 	2,203 ",12
V-04543,1181706,TSXV,Grande Portage Resources Ltd.,GPG," 	59,988,153 "," 	179,069,112 ",Mining,,BC,Canada,,,,,,,,,,,,,,,,,," 	55,178,121 "," 	12,852,446 "," 	7,365 ",12
V-04186,1023533,TSXV,Graphano Energy Ltd.,GEL," 	3,578,564 "," 	21,688,268 ",Mining,,BC,Canada,Other,20210930,,,,,,,,,,,,,,,," 	8,489,286 "," 	1,416,117 "," 	1,721 ",12
V-00985,1083979,TSXV,Graphite One Inc.,GPH," 	354,105,864 "," 	177,942,645 ",Mining,,BC,Canada,Other,20071029,,OTCQX,,,,,,,,,,,,,," 	69,156,385 "," 	81,872,186 "," 	46,280 ",12
V-04570,1180325,TSXV,Gratomic Inc.,GRAT," 	6,007,825 "," 	200,260,817 ",Mining,,ON,Canada,QT,20090908,,,Y,,,,,,,,,,,,," 	11,950,605 "," 	432,962 "," 	1,099 ",5
V-01065,1090436,TSXV,Great Atlantic Resources Corp.,GR," 	4,909,463 "," 	65,459,504 ",Mining,,BC,Canada,,,,,Y,,,,,,,,,,,,," 	24,390,926 "," 	2,494,148 "," 	2,837 ",12
V-04748,1184550,TSXV,Great Pacific Gold Corp.,GPAC," 	67,778,379 "," 	152,310,965 ",Mining,,BC,Canada,Other,20200414,,OTCQX,,,,,,,,,,,,,," 	58,439,604 "," 	27,412,832 "," 	18,504 ",12
V-04629,1183195,TSXV,Great Plains Metals Corp.,GPS," 	5,370,000 "," 	53,700,000 ",Mining,,BC,Canada,QT,20210721,,,Y,,,,,,,,,,,,," 	3,309,551 "," 	228,838 ", 	374 ,12
V-04442,1178321,TSXV,Great Quest Gold Ltd.,GQ," 	3,733,493 "," 	186,674,661 ",Mining,Agriculture,BC,Canada,,,,,,,,,,,,,,,,,," 	4,006,204 "," 	144,760 ", 	227 ,5
V-03745,1144260,TSXV,Green Shift Commodities Ltd.,GCOM," 	4,131,787 "," 	137,726,218 ",Mining,,ON,Canada,TSX Comedown,20200227,,OTCQB,,,,,,,,,,,,,," 	13,185,938 "," 	445,854 ", 	731 ,12
V-04539,1182517,TSXV,Greencastle Resources Ltd.,VGN," 	1,389,873 "," 	39,710,671 ",Mining,,ON,Canada,,,,,,,,,,,,,,,,,," 	3,777,953 "," 	134,531 ", 	201 ,12
V-03107,1133312,TSXV,Greenheart Gold Inc.,GHRT," 	135,616,539 "," 	154,109,703 ",Mining,,QC,Canada,Other,20240906,,,,Y,,,,,,,,,,,," 	26,253,090 "," 	25,824,191 "," 	9,731 ",12
V-01246,1044237,TSXV,GreenLight Metals Inc.,GRL," 	34,632,039 "," 	98,948,682 ",Mining,,WI,USA,Other,20250414,,,,,,Medford,,,,,,,,,," 	21,528,544 "," 	5,838,991 "," 	3,513 ",9
V-02738,1085717,TSXV,Grid Battery Metals Inc.,CELL," 	5,801,424 "," 	193,380,795 ",Mining,,BC,Canada,QT,20131028,,OTCQB,Y,,,,,,,,,,,,," 	67,567,536 "," 	3,632,179 "," 	5,009 ",12
V-04211,1155750,TSXV,Grid Metals Corp.,GRDM," 	32,625,189 "," 	233,037,067 ",Mining,,ON,Canada,,,,OTCQB,,,,,,,,,,,,,," 	39,806,362 "," 	3,646,222 "," 	3,472 ",12
V-04929,1186855,TSXV,Grit Metals Corp.,FIN," 	7,452,965 "," 	55,207,148 ",Mining,,BC,Canada,Other,20220503,,OTCQB,,,,,,,,,,,,,," 	4,396,206 "," 	554,282 ", 	535 ,12
V-04346,1179315,TSXV,Grizzly Discoveries Inc.,GZD," 	4,665,057 "," 	186,602,289 ",Mining,,AB,Canada,,,,OTCQB,,,,,,,,,,,,,," 	14,141,598 "," 	325,481 ", 	990 ,12
V-04513,1182050,TSXV,Grosvenor Resource Corporation,GVR," 	1,345,035 "," 	26,900,696 ",Mining,,BC,Canada,,,,,,,,,,,,,,,,,," 	862,966 "," 	42,564 ", 	68 ,10
V-04550,1182720,TSXV,Grounded Lithium Corp.,GRD," 	5,974,517 "," 	79,660,226 ",Mining,,AB,Canada,RTO,20220825,,,,,,,,,,,,,,,," 	26,442,223 "," 	1,237,525 "," 	1,576 ",12
V-04618,1183535,TSXV,Group Eleven Resources Corp.,ZNG," 	196,822,384 "," 	265,976,194 ",Mining,,Ireland,UK/Europe,IPO,20171213,,,,,,,,,,,,,,,," 	56,844,397 "," 	19,794,785 "," 	11,259 ",12
V-04762,1185080,TSXV,GSP Resource Corp.,GSPR," 	7,465,991 "," 	48,167,687 ",Mining,,BC,Canada,IPO,20181129,,,,,,,,,,,,,,,," 	18,386,051 "," 	1,999,658 "," 	1,938 ",12
V-04641,1183620,TSXV,GT Resources Inc.,GT," 	11,668,282 "," 	388,942,726 ",Mining,,BC,Canada,QT from NEX,20160229,,OTCQB,Y,,,,,,,,,,,,," 	91,537,117 "," 	2,842,059 "," 	4,346 ",12
V-04293,1176461,TSXV,Guanajuato Silver Company Ltd.,GSVR," 	443,748,130 "," 	662,310,642 ",Mining,,BC,Canada,,,,OTCQX,,Y,,,,,,,,,,,," 	558,270,511 "," 	215,157,543 "," 	99,326 ",12
V-04563,1183020,TSXV,Gungnir Resources Inc.,GUG," 	2,990,745 "," 	119,629,786 ",Mining,,BC,Canada,,,,,,,,,,,,,,,,,," 	12,285,473 "," 	278,902 ", 	597 ,12
V-04016,1154680,TSXV,Gunpoint Exploration Ltd.,GUN," 	36,459,659 "," 	59,769,933 ",Mining,,BC,Canada,,,,,,,,,,,,,,,,,," 	1,272,367 "," 	597,408 ", 	268 ,12
V-04477,1181345,TSXV,Guyana Goldstrike Inc.,GYA," 	4,750,332 "," 	38,002,656 ",Mining,,BC,Canada,IPO,20080130,,,,,,,,,,,,,,,,,,,
V-01369,26185,TSXV,Halcones Precious Metals Corp.,HPM," 	11,438,819 "," 	228,776,389 ",Mining,,ON,Canada,QT,20220922,,,Y,,,,,,,,,,,,," 	44,259,793 "," 	2,443,584 "," 	1,400 ",12
V-04396,1180557,TSXV,Hannan Metals Ltd.,HAN," 	136,070,971 "," 	144,756,352 ",Mining,,BC,Canada,RTO,20050915,,,Y,,Y,,,,,,,,,,," 	25,105,985 "," 	24,792,723 "," 	15,625 ",12
V-04888,1186330,TSXV,Hanstone Gold Corp.,HANS," 	1,033,863 "," 	51,693,125 ",Mining,,BC,Canada,QT,20200824,,,Y,,,,,,,,,,,,," 	5,645,937 "," 	121,837 ", 	233 ,12
V-04531,1180600,TSXV,Happy Creek Minerals Ltd.,HPY," 	42,787,300 "," 	213,936,500 ",Mining,,BC,Canada,Other,20060809,,,,,,,,,,,,,,,," 	44,402,398 "," 	5,232,395 "," 	3,157 ",12
V-01623,1023065,TSXV,Harfang Exploration Inc.,HAR," 	7,030,500 "," 	100,435,717 ",Mining,,QC,Canada,QT from NEX,20170630,,,Y,,,,,,,,,,,,," 	31,639,262 "," 	2,753,268 "," 	2,889 ",12
V-04633,1183526,TSXV,Harvest Gold Corp.,HVG," 	7,888,061 "," 	121,354,791 ",Mining,,BC,Canada,Other,20051213,,,,,,,,,,,,,,,," 	40,291,864 "," 	2,744,376 "," 	3,649 ",12
V-04665,1184075,TSXV,Hawkeye Gold & Diamond Inc.,HAWK," 	652,648 "," 	13,052,953 ",Mining,,BC,Canada,,,,,,,,,,,,,,,,,," 	3,562,728 "," 	181,179 ", 	423 ,12
V-04852,1185570,TSXV,Hayasa Metals Inc.,HAY," 	4,342,988 "," 	72,383,139 ",Mining,,BC,Canada,IPO,20080924,,OTCQB,,,,,,,,,,,,,," 	33,092,309 "," 	3,779,393 "," 	3,152 ",12
V-04976,1187390,TSXV,Heliostar Metals Ltd.,HSTR," 	669,944,498 "," 	264,800,197 ",Mining,,BC,Canada,,,,OTCQX,,Y,Y,,,,,,,,,,," 	134,224,848 "," 	205,014,060 "," 	116,614 ",12
V-03952,1153040,TSXV,Helius Minerals Limited,HHH," 	130,059,341 "," 	38,479,095 ",Mining,,BC,Canada,QT,20111220,,,Y,,,,,,,,,,,,," 	10,085,298 "," 	11,868,915 "," 	7,122 ",11
V-01962,1074384,TSXV,Hemlo Mining Corp.,HMMC," 	1,534,989,234 "," 	296,329,968 ",Mining,,ON,Canada,RTO,20251202,,,Y,,,,,,,,,,,,," 	10,995,104 "," 	46,703,447 "," 	14,246 ",10
V-01045,1072657,TSXV,Hercules Metals Corp.,BIG," 	214,163,712 "," 	289,410,421 ",Mining,,ON,Canada,QT,20210324,,OTCQB,Y,Y,,,,,,,,,,,," 	89,028,560 "," 	60,412,673 "," 	28,592 ",12
V-04584,1183076,TSXV,Highland Copper Company Inc.,HI," 	103,346,337 "," 	738,188,122 ",Mining,,BC,Canada,QT,20080926,,OTCQB,Y,,,,,,,,,,,,," 	42,601,845 "," 	5,366,530 "," 	4,539 ",12
V-04348,1179605,TSXV,Highway 50 Gold Corp.,HWY," 	14,981,437 "," 	38,413,942 ",Mining,,BC,Canada,Other,20050922,,,,,,,,,,,,,,,," 	3,540,073 "," 	987,140 ", 	416 ,12
V-03742,1141815,TSXV,Hispania Resources Inc.,ESPN," 	7,948,364 "," 	93,510,159 ",Mining,,ON,Canada,QT,20220404,,,Y,,,,,,,,,,,,," 	15,732,126 "," 	1,332,126 ", 	860 ,12
V-01164,1102962,TSXV,Homeland Nickel Inc.,SHL," 	18,797,478 "," 	221,146,802 ",Mining,,ON,Canada,,,,OTCQB,,,,,,,,,,,,,," 	54,989,854 "," 	3,727,217 "," 	2,187 ",12
V-02116,41131,TSXV,Homeland Uranium Corp.,HLU," 	40,180,889 "," 	107,149,037 ",Mining,,BC,Canada,RTO,20250312,,,,,,,,,,,,,,,," 	71,206,176 "," 	26,114,771 "," 	22,045 ",10
V-04654,1184135,TSXV,Homerun Resources Inc.,HMR," 	70,100,700 "," 	73,021,563 ",Mining,,BC,Canada,,,,OTCQB,,,Y,,,,,,,,,,," 	16,229,450 "," 	16,756,877 "," 	14,379 ",12
V-04336,1178945,TSXV,Honey Badger Silver Inc.,TUF," 	22,251,069 "," 	117,110,892 ",Mining,,ON,Canada,,,,OTCQB,,,,,,,,,,,,,," 	40,803,061 "," 	7,237,903 "," 	5,675 ",12
V-04817,1185040,TSXV,Hot Chili Limited,HCH," 	236,157,213 "," 	177,561,814 ",Mining,,Australia,Australia/NZ/PNG,Other,20220104,ASX,OTCQX,,,,,,,,,,,,,," 	14,094,299 "," 	9,044,424 "," 	5,229 ",12
V-5035,1188400,TSXV,Ibero Mining Corp.,IMC," 	1,964,554 "," 	78,582,163 ",Mining,,BC,Canada,Other,20210421,,OTCQB,,,,,,,,,,,,,," 	6,564,001 "," 	233,573 ", 	186 ,5
V-01547,1057709,TSXV,Iconic Minerals Ltd.,ICM," 	40,432,353 "," 	155,509,051 ",Mining,,BC,Canada,,,,,,,,,,,,,,,,,," 	96,718,050 "," 	11,454,976 "," 	10,082 ",12
V-02623,1113792,TSXV,IDEX Metals Corp.,IDEX," 	26,335,644 "," 	57,251,399 ",Mining,,BC,Canada,QT,20250610,,,Y,,,,,,,,,,,,," 	23,886,283 "," 	15,456,183 "," 	7,841 ",7
V-04468,1181462,TSXV,IEMR Resources Inc.,IRI," 	948,071 "," 	94,807,141 ",Mining,,China,Asia,QT,20100702,,,Y,,,,China,,,,,,,,," 	614,105 "," 	7,460 ", 	38 ,9
V-00002,11607,TSXV,Imagine Lithium Inc.,ILI," 	8,515,701 "," 	340,628,030 ",Mining,,BC,Canada,QT,20070628,,OTCQB,Y,,,,,,,,,,,,," 	76,996,903 "," 	3,066,106 "," 	4,120 ",12
V-04397,1180555,TSXV,iMetal Resources Inc.,IMR," 	6,255,966 "," 	40,361,068 ",Mining,,BC,Canada,,,,OTCQB,,,,,,,,,,,,,," 	11,764,926 "," 	1,815,730 "," 	1,823 ",12
V-00015,12060,TSXV,IMPACT Silver Corp.,IPT," 	135,231,793 "," 	329,833,642 ",Mining,,BC,Canada,,,,OTCQB,,,,,,,,,,,,,," 	217,274,386 "," 	63,838,644 "," 	43,082 ",12
V-04612,1183465,TSXV,Independence Gold Corp.,IGO," 	26,964,524 "," 	256,804,994 ",Mining,,BC,Canada,,20111229,,OTCQB,,,,,,,,,,,,,," 	114,868,254 "," 	16,580,704 "," 	13,134 ",12
V-00017,1074330,TSXV,Infield Minerals Corp.,IN," 	1,948,124 "," 	48,703,091 ",Mining,,BC,Canada,QT,20210610,,,Y,,,,,,,,,,,,," 	4,963,050 "," 	148,971 ", 	215 ,12
V-00450,10787,TSXV,Infinico Metals Corp.,INFM," 	680,232 "," 	68,023,240 ",Mining,,BC,Canada,IPO,20211122,,,,,,,,,,,,,,,," 	13,356,450 "," 	143,123 ", 	388 ,12
V-05013,1188085,TSXV,Infinitum Copper Corp.,INFI," 	1,470,945 "," 	49,031,508 ",Mining,,BC,Canada,RTO,20220316,,OTCQB,Y,,,,,,,,,,,,," 	8,533,694 "," 	195,816 ", 	588 ,12
V-00554,1087218,TSXV,Inomin Mines Inc.,MINE," 	2,696,020 "," 	49,018,552 ",Mining,,BC,Canada,QT,20170202,,,Y,,,,,,,,,,,,," 	20,363,507 "," 	1,150,031 "," 	1,591 ",12
V-02548,1110524,TSXV,Integra Resources Corp.,ITR," 	933,342,570 "," 	169,083,799 ",Mining,,ON,Canada,Other,20171107,NYSE Mkt,,,Y,,,,,,,,,,,," 	127,622,104 "," 	378,727,076 "," 	235,426 ",12
V-04534,1181455,TSXV,International Iconic Gold Exploration Corp.,ICON," 	1,165,242 "," 	10,132,543 ",Mining,,BC,Canada,Other,20050203,,,,,,,,,,,,,,,," 	13,887,013 "," 	376,380 ", 	691 ,12
V-04883,1186206,TSXV,International Lithium Corp.,ILC," 	4,903,259 "," 	272,403,254 ",Mining,,BC,Canada,Other,20110524,,OTCQB,,,,,,,,,,,,,," 	31,343,990 "," 	778,246 "," 	1,746 ",12
V-04661,1183871,TSXV,International Metals Mining Corp.,IMM," 	1,324,461 "," 	13,941,694 ",Mining,,BC,Canada,,,,,,,,,,,,,,,,,," 	3,179,903 "," 	303,702 ", 	210 ,12
V-00936,1099280,TSXV,International Prospect Ventures Ltd.,IZZ," 	3,281,690 "," 	72,926,442 ",Mining,,QC,Canada,Other,20110715,,,,,,,,,,,,,,,," 	4,095,665 "," 	166,392 ", 	218 ,12
V-00048,13918,TSXV,International Zeolite Corp.,IZ," 	212,035 "," 	42,406,962 ",Mining,,BC,Canada,,,,,,,,,,,,,,,,,," 	5,986,617 "," 	74,884 ", 	217 ,11
V-03817,1148820,TSXV,Inter-Rock Minerals Inc.,IRO," 	24,993,883 "," 	21,733,811 ",Mining,Agriculture,ON,Canada,,,,,,,,,,,,,,,,,," 	940,514 "," 	820,305 ", 	367 ,12
V-03095,1126366,TSXV,Intrepid Metals Corp.,INTR," 	46,066,067 "," 	90,325,621 ",Mining,,NV,USA,COB,20220502,,OTCQB,,,,Las Vegas,,,,,,,,,," 	34,614,547 "," 	15,167,772 "," 	8,930 ",12
V-00703,1060962,TSXV,Inventus Mining Corp.,IVS," 	54,044,875 "," 	207,864,904 ",Mining,,ON,Canada,Other,20070905,,,,,,,,,,,,,,,," 	33,157,620 "," 	7,378,710 "," 	4,461 ",12
V-04815,1185020,TSXV,InZinc Mining Ltd.,IZN," 	7,404,125 "," 	123,402,084 ",Mining,,BC,Canada,,,,,,,,,,,,,,,,,," 	21,611,891 "," 	752,609 ", 	791 ,12
V-04511,1182095,TSXV,Itafos Inc.,IFOS," 	547,367,487 "," 	186,814,842 ",Mining,Agriculture,TX,USA,TSX Comedown,20160712,,,,,,Houston,,,,,,,,,," 	14,357,837 "," 	40,635,497 "," 	20,778 ",12
V-03724,1143031,TSXV,J2 Metals Inc.,JTWO," 	7,034,351 "," 	21,982,348 ",Mining,,BC,Canada,QT,20250327,,,Y,,,,,,,,,,,,," 	2,552,689 "," 	445,217 ", 	281 ,9
V-03928,1149926,TSXV,J4 Ventures Resources Corp.,JJJJ," 	883,800 "," 	19,640,000 ",Mining,,BC,Canada,QT,20251230,,,Y,,,,,,,,,,,,," 	60,000 "," 	2,130 ", 	7 ,3
FAI0002,1188741,TSXV,Jade Leader Corp.,JADE," 	1,120,609 "," 	74,707,293 ",Mining,,AB,Canada,,,,,,,,,,,,,,,,,," 	8,812,534 "," 	174,649 ", 	250 ,12
V-04436,1181265,TSXV,Japan Gold Corp.,JG," 	36,611,906 "," 	305,099,217 ",Mining,,BC,Canada,RTO from NEX,20160919,,OTCQB,,,,,,,,,,,,,," 	35,736,622 "," 	4,518,735 "," 	5,587 ",12
V-02776,1115533,TSXV,Jayden Resources Inc.,JDN," 	2,340,714 "," 	58,517,849 ",Mining,,BC,Canada,TSX Comedown,20151015,,OTCQB,,,,,,,,,,,,,," 	4,315,151 "," 	204,362 ", 	337 ,12
V-04803,1185453,TSXV,Jinhua Capital Corporation,JHC," 	152,598 "," 	6,103,919 ",Mining,,BC,Canada,QT from NEX,20230811,,,Y,,,,,,,,,,,,," 	10,076,737 "," 	117,747 ", 	269 ,7
V-01105,30682,TSXV,Juggernaut Exploration Ltd.,JUGR," 	51,677,491 "," 	31,899,686 ",Mining,,BC,Canada,QT,20070927,,,Y,,,,,,,,,,,,," 	46,514,374 "," 	17,635,109 "," 	10,788 ",12
V-00084,1078210,TSXV,JZR Gold Inc.,JZR," 	36,458,276 "," 	78,404,894 ",Mining,,BC,Canada,IPO,20080129,,,,,,,,,,,,,,,," 	24,922,702 "," 	10,585,317 "," 	5,716 ",12
V-02342,1107986,TSXV,K2 Gold Corporation,KTO," 	155,713,189 "," 	194,641,486 ",Mining,,BC,Canada,IPO,20120723,,OTCQB,,,,,,,,,,,,,," 	56,049,719 "," 	20,372,748 "," 	7,722 ",12
V-02021,816867,TSXV,Kalo Gold Corp.,KALO," 	24,369,418 "," 	78,611,027 ",Mining,,BC,Canada,QT,20210301,,,Y,,,,,,,,,,,,," 	90,678,597 "," 	7,747,747 "," 	5,114 ",12
V-03720,1142260,TSXV,KAPA Gold Inc.,KAPA," 	19,143,203 "," 	79,763,344 ",Mining,,BC,Canada,QT,20220525,,,Y,,,,,,,,,,,,," 	27,732,743 "," 	6,007,118 "," 	2,697 ",12
V-01024,1023320,TSXV,Kenorland Minerals Ltd.,KLD," 	206,593,777 "," 	78,552,767 ",Mining,,BC,Canada,RTO,20210113,,OTCQX,,Y,,,,,,,,,,,," 	11,271,961 "," 	20,404,278 "," 	12,047 ",12
V-00093,708779,TSXV,Kermode Resources Ltd.,KLM," 	456,215 "," 	91,242,966 ",Mining,,BC,Canada,,,,,,,,,,,,,,,,,," 	86,689,414 "," 	534,645 "," 	1,092 ",12
V-04353,1179440,TSXV,Kestrel Gold Inc.,KGC," 	4,892,446 "," 	108,721,026 ",Mining,,AB,Canada,QT,20100628,,,Y,,,,,,,,,,,,," 	18,060,129 "," 	888,682 "," 	1,795 ",12
V-04726,1184745,TSXV,Kiboko Gold Inc.,KIB," 	662,056 "," 	44,137,093 ",Mining,,BC,Canada,IPO,20220629,,,,,,,,,,,,,,,," 	14,502,023 "," 	199,704 ", 	316 ,12
V-01262,32075,TSXV,Kincora Copper Limited,KCC," 	45,141,586 "," 	43,405,371 ",Mining,,BC,Canada,RTO,20110718,ASX,,,,,,,,,,,,,,," 	28,250,323 "," 	4,228,994 "," 	3,576 ",12
V-02951,1120547,TSXV,King Copper Discovery Corp.,KCP," 	269,370,099 "," 	283,547,473 ",Mining,,BC,Canada,Other,20191203,,OTCQB,,,,,,,,,,,,,," 	104,562,943 "," 	46,905,423 "," 	16,377 ",12
V-00103,1074354,TSXV,Kingfisher Metals Corp.,KFR," 	24,973,855 "," 	90,814,018 ",Mining,,BC,Canada,QT,20210318,,OTCQB,Y,,,,,,,,,,,,," 	34,621,007 "," 	10,362,278 "," 	6,093 ",12
V-5084,1188815,TSXV,Kingman Minerals Ltd.,KGS," 	5,134,503 "," 	42,787,521 ",Mining,,BC,Canada,QT,20090521,,OTCQB,Y,,,,,,,,,,,,," 	9,132,675 "," 	886,289 ", 	661 ,12
V-03758,1131425,TSXV,Kingsmen Resources Ltd.,KNG," 	64,877,299 "," 	28,580,308 ",Mining,,BC,Canada,,,,OTCQB,Y,,,,,,,,,,,,," 	7,833,823 "," 	9,780,527 "," 	5,878 ",12
V-00938,1023492,TSXV,Kiplin Metals Inc.,KIP," 	3,680,737 "," 	14,722,949 ",Mining,,BC,Canada,,,,,,,,,,,,,,,,,," 	1,930,063 "," 	647,171 "," 	1,246 ",12
V-03680,1121555,TSXV,Kirkland Lake Discoveries Corp.,KLDC," 	48,362,365 "," 	161,207,883 ",Mining,,BC,Canada,,,,,,,,,,,,,,,,,," 	66,079,831 "," 	12,782,208 "," 	9,712 ",12
V-00932,1060143,TSXV,Kirkstone Metals Corp.,KSM," 	211,478,162 "," 	27,716,666 ",Mining,,BC,Canada,Other,20250523,,,,,,,,,,,,,,,," 	20,202,730 "," 	91,212,388 "," 	27,885 ",8
V-04312,1177555,TSXV,Klondike Gold Corp.,KG," 	25,386,641 "," 	253,866,411 ",Mining,,BC,Canada,,,,OTCQB,,,,,,,,,,,,,," 	29,179,968 "," 	2,869,446 "," 	2,911 ",12
V-01888,38385,TSXV,Klondike Silver Corp.,KS," 	8,066,463 "," 	268,882,107 ",Mining,,BC,Canada,Other,20060417,,,,,,,,,,,,,,,," 	82,455,223 "," 	1,959,104 "," 	3,439 ",12
V-04585,1182980,TSXV,Kobo Resources Inc.,KRI," 	33,630,000 "," 	118,000,000 ",Mining,,QC,Canada,QT,20230331,,,Y,,,,,,,,,,,,," 	15,921,199 "," 	4,866,219 "," 	3,370 ",12
V-00100,1045778,TSXV,Kodiak Copper Corp.,KDK," 	100,162,771 "," 	95,393,115 ",Mining,,BC,Canada,,,,OTCQB,,,,,,,,,,,,,," 	21,159,487 "," 	13,738,634 "," 	10,975 ",12
V-04804,1185455,TSXV,Kootenay Resources Inc.,KTRI," 	3,270,109 "," 	43,601,456 ",Mining,,BC,Canada,Other,20240501,,,,,,,,,,,,,,,," 	5,676,605 "," 	343,729 "," 	1,277 ",12
V-04067,1153745,TSXV,Kootenay Silver Inc.,KTN," 	189,101,390 "," 	87,954,135 ",Mining,,BC,Canada,QT,20050314,,,Y,Y,,,,,,,,,,,," 	72,308,131 "," 	107,985,667 "," 	67,485 ",12
V-00133,40133,TSXV,KORE Mining Ltd.,KORE," 	17,681,022 "," 	65,485,268 ",Mining,,BC,Canada,RTO,20181102,,,,,,,,,,,,,,,," 	15,757,346 "," 	1,467,784 "," 	1,478 ",11
V-00135,1075697,TSXV,Koryx Copper Inc.,KRY," 	236,133,993 "," 	98,800,834 ",Mining,,BC,Canada,,,,OTCQB,,,Y,,,,,,,,,,," 	25,909,004 "," 	32,332,919 "," 	14,961 ",12
V-04012,1151750,TSXV,Kubera Gold Corp.,KBRA," 	1,918,384 "," 	19,183,840 ",Mining,,BC,Canada,IPO,20240313,,,,,,,,,,,,,,,," 	5,622 "," 	2,612 ", 	11 ,6
V-02136,1065322,TSXV,Kutcho Copper Corp.,KC," 	26,026,152 "," 	167,910,659 ",Mining,,BC,Canada,,,,OTCQX,,,,,,,,,,,,,," 	18,843,420 "," 	2,907,113 "," 	2,952 ",12
V-00095,1092092,TSXV,Labrador Gold Corp.,LAB," 	21,251,247 "," 	170,009,979 ",Mining,,BC,Canada,,,,OTCQB,,,,,,,,,,,,,," 	54,298,375 "," 	5,072,024 "," 	3,759 ",12
V-02647,1114572,TSXV,Lahontan Gold Corp.,LG," 	83,582,665 "," 	355,670,914 ",Mining,,BC,Canada,Other,20220413,,OTCQB,,,,,,,,,,,,,," 	238,178,225 "," 	30,012,537 "," 	26,389 ",12
V-02212,1074347,TSXV,Lake Victoria Gold Ltd.,LVG," 	58,547,497 "," 	195,158,323 ",Mining,,ON,Canada,Other,20120222,,OTCQB,,,,,,,,,,,,,," 	37,123,475 "," 	7,259,017 "," 	4,959 ",12
V-03888,1151800,TSXV,Lake Winn Resources Corp.,LWR," 	1,123,932 "," 	16,056,170 ",Mining,,BC,Canada,QT,20130524,,,Y,,,,,,,,,,,,," 	2,725,916 "," 	186,138 ", 	259 ,12
V-04892,1186415,TSXV,Lara Exploration Ltd.,LRA," 	126,258,187 "," 	50,706,099 ",Mining,,BC,Canada,Other,20050530,,,,,,,,,,,,,,,," 	6,299,184 "," 	11,265,438 "," 	4,190 ",12
V-04601,1183270,TSXV,Latin Metals Inc.,LMS," 	27,931,607 "," 	133,007,651 ",Mining,,BC,Canada,RTO,20150622,,OTCQB,Y,,,,,,,,,,,,," 	16,290,279 "," 	2,981,637 "," 	2,312 ",12
V-04518,1180850,TSXV,Laurion Mineral Exploration Inc.,LME," 	78,040,596 "," 	278,716,413 ",Mining,,ON,Canada,,,,,,,,,,,,,,,,,," 	19,730,100 "," 	6,964,984 "," 	6,880 ",12
V-03940,1151530,TSXV,Lavras Gold Corp.,LGC," 	200,694,044 "," 	58,511,383 ",Mining,,ON,Canada,Other,20220412,,OTCQX,,,Y,,,,,,,,,,," 	11,301,348 "," 	26,693,592 "," 	13,477 ",12
V-03038,1125635,TSXV,Leading Edge Materials Corp.,LEM," 	60,132,108 "," 	250,550,449 ",Mining,,BC,Canada,QT,20160826,Nasdaq Nordic,OTCQB,Y,,,,,,,,,,,,," 	24,609,390 "," 	5,598,135 "," 	6,907 ",12
V-03792,1146870,TSXV,Legacy Gold Mines Ltd.,LEGY," 	9,027,884 "," 	26,552,600 ",Mining,,AB,Canada,QT,20241008,,,Y,,,,,,,,,,,,," 	1,409,897 "," 	688,928 ", 	361 ,12
V-04733,1184770,TSXV,Leviathan Metals Corp.,LVX," 	67,926,887 "," 	98,444,764 ",Mining,,BC,Canada,Other,20210210,,OTCQB,,,,,,,,,,,,,," 	13,912,722 "," 	4,591,248 "," 	3,851 ",9
V-00604,19554,TSXV,Libertystream Infrastructure Partners Inc.,LIB," 	206,933,536 "," 	197,079,558 ",Mining,,ON,Canada,,,,OTCQB,,,,,,,,,,,,,," 	84,992,269 "," 	43,927,742 "," 	23,678 ",12
V-05002,1187986,TSXV,Li-FT Power Ltd.,LIFT," 	205,030,986 "," 	47,351,267 ",Mining,,BC,Canada,Other,20231101,,OTCQX,,Y,,,,,,,,,,,," 	8,010,471 "," 	23,693,292 "," 	14,351 ",12
V-03960,1149831,TSXV,Lincoln Gold Mining Inc.,LMG," 	6,381,829 "," 	24,545,497 ",Mining,,BC,Canada,QT,20090821,,,Y,,,,,,,,,,,,," 	6,926,343 "," 	1,432,808 ", 	713 ,12
V-04041,1149980,TSXV,Lion One Metals Limited,LIO," 	114,813,503 "," 	402,854,395 ",Mining,,BC,Canada,RTO from NEX,20110131,,OTCQX,,,,,,,,,,,,,," 	186,596,881 "," 	49,494,271 "," 	28,532 ",12
V-01679,16274,TSXV,Lion Rock Resources Inc.,ROAR," 	50,491,059 "," 	106,296,966 ",Mining,,BC,Canada,,,,,,,,,,,,,,,,,," 	37,969,089 "," 	10,255,728 "," 	7,369 ",12
V-02881,1119181,TSXV,Lithium Chile Inc.,LITH," 	125,004,582 "," 	223,222,468 ",Mining,,AB,Canada,QT,20130610,,,Y,,,,,,,,,,,,," 	37,958,503 "," 	20,333,780 "," 	10,061 ",12
V-04462,1181505,TSXV,Lithium Ion Energy Ltd.,ION," 	2,428,641 "," 	60,716,034 ",Mining,,ON,Canada,QT,20200831,,,Y,,,,,,,,,,,,," 	11,576,916 "," 	495,213 "," 	1,155 ",12
V-05014,1187500,TSXV,Lithium Ionic Corp.,LTH," 	200,898,457 "," 	193,171,593 ",Mining,,ON,Canada,QT,20220524,,OTCQX,Y,,,,,,,,,,,,," 	60,517,290 "," 	48,873,167 "," 	23,818 ",12
V-01367,17132,TSXV,Lithium South Development Corporation,LIS," 	49,306,108 "," 	114,665,368 ",Mining,,BC,Canada,,,,OTCQB,,,,,,,,,,,,,," 	39,845,197 "," 	12,167,115 "," 	5,694 ",12
V-04112,1161700,TSXV,LithiumBank Resources Corp.,LBNK," 	40,406,413 "," 	64,137,163 ",Mining,,BC,Canada,Other,20220401,,OTCQX,,,,,,,,,,,,,," 	20,348,977 "," 	7,185,485 "," 	5,493 ",12
V-04110,1156585,TSXV,Lode Gold Resources Inc.,LOD," 	21,324,730 "," 	50,773,166 ",Mining,,ON,Canada,,,,OTCQB,,,,,,,,,,,,,," 	11,252,366 "," 	2,544,184 "," 	1,869 ",12
V-03984,1153780,TSXV,Lodestar Metals Corp.,LSTR," 	6,550,237 "," 	43,668,248 ",Mining,,BC,Canada,QT from NEX,20210305,,OTCQB,Y,,,,,,,,,,,,," 	25,544,786 "," 	1,400,061 "," 	1,739 ",11
V-02911,1118836,TSXV,Lomiko Metals Inc.,LMR," 	7,013,071 "," 	70,130,709 ",Mining,,BC,Canada,,,,OTCQB,,,,,,,,,,,,,," 	17,379,431 "," 	2,094,021 "," 	2,851 ",12
V-04904,1186295,TSXV,Los Andes Copper Limited,LA," 	271,990,410 "," 	29,564,175 ",Mining,,Chile,Latin America,,,,OTCQX,,Y,,,,,,,,,,,," 	1,892,671 "," 	14,210,541 "," 	3,730 ",12
V-04307,1176145,TSXV,Luca Mining Corp.,LUCA," 	402,457,988 "," 	270,106,032 ",Mining,,BC,Canada,,,,OTCQX,,Y,Y,,,,,,,,,,," 	208,526,430 "," 	270,274,196 "," 	163,554 ",12
V-04792,1185190,TSXV,Lucky Minerals Inc.,LKY," 	1,011,271 "," 	20,225,427 ",Mining,,BC,Canada,Other,20090615,,,,,,,,,,,,,,,,,,,
V-04228,1170560,TSXV,LunR Royalties Corp.,LUNR," 	917,592,454 "," 	70,313,598 ",Mining,,ON,Canada,Other,20251219,,,,,,,,,,,,,,,," 	2,499,331 "," 	31,954,918 "," 	4,787 ",1
V-02899,1119905,TSXV,Lupaka Gold Corp.,LPK," 	6,059,963 "," 	22,867,784 ",Mining,,BC,Canada,TSX Comedown,20150218,,,,,,,,,,,,,,,," 	5,977,554 "," 	1,324,552 "," 	1,091 ",12
V-04294,1176441,TSXV,Lux Metals Corp.,LXM," 	11,201,327 "," 	40,004,739 ",Mining,,BC,Canada,IPO,20130410,,,,,,,,,,,,,,,," 	16,404,368 "," 	2,263,664 "," 	1,686 ",12
V-5066,1188055,TSXV,Luxor Metals Ltd.,LUXR," 	3,849,792 "," 	19,248,960 ",Mining,,BC,Canada,Other,20250530,,,,,,,,,,,,,,,," 	4,249,073 "," 	866,657 "," 	1,705 ",8
V-01990,26055,TSXV,M3 Metals Corp.,MT," 	3,390,659 "," 	10,274,724 ",Mining,,BC,Canada,QT,20100820,,OTCQB,Y,,,,,,,,,,,,," 	919,933 "," 	268,156 ", 	249 ,12
V-00186,1074345,TSXV,Madoro Metals Corp.,MDM," 	3,641,869 "," 	91,046,716 ",Mining,,BC,Canada,,,,,,,,,,,,,,,,,," 	18,832,202 "," 	501,233 ", 	711 ,12
V-04000,1153005,TSXV,Magma Silver Corp.,MGMA," 	27,200,205 "," 	80,000,604 ",Mining,,BC,Canada,IPO,20100217,,,,,,,,,,,,,,,," 	42,439,852 "," 	8,525,878 "," 	7,300 ",10
V-04340,1179245,TSXV,Magna Mining Inc.,NICU," 	726,998,363 "," 	249,827,616 ",Mining,,ON,Canada,QT from NEX,20210511,,OTCQB,Y,Y,Y,,,,,,,,,,," 	93,562,528 "," 	202,923,769 "," 	134,957 ",12
V-04260,1174970,TSXV,Magna Terra Minerals Inc.,MTT," 	15,635,033 "," 	107,827,817 ",Mining,,ON,Canada,RTO,20200814,,,,,,,,,,,,,,,," 	27,758,229 "," 	2,539,093 "," 	3,043 ",12
V-03143,1131627,TSXV,Magnum Goldcorp Inc.,MGI," 	135,158 "," 	9,010,511 ",Mining,,BC,Canada,QT,20131113,,,Y,,,,,,,,,,,,," 	941,472 "," 	45,256 ", 	174 ,6
V-03709,1141820,TSXV,Majestic Gold Corp.,MJS," 	156,399,657 "," 	1,042,664,381 ",Mining,,BC,Canada,,,,,,Y,,,,,,,,,,,," 	187,298,552 "," 	27,653,839 "," 	9,231 ",12
V-00961,42252,TSXV,Mako Mining Corp.,MKO," 	693,461,778 "," 	87,009,006 ",Mining,,BC,Canada,Other,20181114,,OTCQX,,Y,,,,,,,,,,,," 	20,358,630 "," 	124,388,053 "," 	46,042 ",12
V-00608,822191,TSXV,Mammoth Resources Corp.,MTH," 	5,327,847 "," 	106,556,933 ",Mining,,ON,Canada,QT,20111228,,,Y,,,,,,,,,,,,," 	12,660,841 "," 	432,552 ", 	575 ,12
V-02954,1119109,TSXV,Manganese X Energy Corp.,MN," 	30,110,141 "," 	215,072,436 ",Mining,,QC,Canada,QT,20101213,,OTCQB,Y,,,,,,,,,,,,," 	34,937,325 "," 	2,952,677 "," 	5,025 ",12
V-02457,1107121,TSXV,Maple Gold Mines Ltd.,MGM," 	109,394,782 "," 	62,156,126 ",Mining,,ON,Canada,IPO,20110809,,OTCQB,,,,,,,,,,,,,," 	105,048,119 "," 	21,394,407 "," 	15,290 ",12
V-04488,1181654,TSXV,Marvel Discovery Corp.,MARV," 	4,549,798 "," 	151,659,941 ",Mining,,BC,Canada,,,,OTCQB,,,,,,,,,,,,,," 	3,556,658 "," 	76,227 ", 	191 ,3
V-02350,1107569,TSXV,Masivo Silver Corp.,MASS," 	7,712,940 "," 	77,129,400 ",Mining,,AZ,USA,QT,20131003,,,Y,,,Scottsdale,,,,,,,,,," 	26,779,754 "," 	2,406,533 "," 	2,353 ",12
V-00438,1023593,TSXV,"Matachewan Consolidated Mines, Limited",MCM," 	10,916,020 "," 	13,645,025 ",Mining,,ON,Canada,,,,,,,,,,,,,,,,,," 	828,852 "," 	450,769 ", 	373 ,12
V-02360,1107279,TSXV,MAX Resource Corp.,MAX," 	24,423,226 "," 	222,029,325 ",Mining,,BC,Canada,,,,,,,,,,,,,,,,,," 	50,404,136 "," 	4,611,425 "," 	3,181 ",12
V-00212,1021890,TSXV,Mayfair Gold Corp.,MFG," 	331,316,071 "," 	66,797,595 ",Mining,,ON,Canada,IPO,20210322,,OTCQX,,Y,,,,,,,,,,,," 	23,150,977 "," 	45,090,047 "," 	12,593 ",12
V-04540,1181710,TSXV,Melkior Resources Inc.,MKR," 	6,291,028 "," 	46,600,210 ",Mining,,QC,Canada,,,,,,,,,,,,,,,,,," 	22,105,047 "," 	3,383,878 "," 	2,672 ",12
V-02516,1110951,TSXV,Metal Energy Corp.,MERG," 	23,060,547 "," 	36,032,104 ",Mining,,ON,Canada,QT,20211129,,OTCQB,Y,,,,,,,,,,,,," 	27,036,581 "," 	4,295,879 "," 	2,491 ",12
V-00220,1023993,TSXV,Metalero Mining Corp.,MLO," 	3,300,620 "," 	27,505,169 ",Mining,,AB,Canada,QT,20200910,,,Y,,,,,,,,,,,,," 	5,789,965 "," 	865,769 ", 	605 ,12
V-00222,14473,TSXV,Metalex Ventures Ltd.,MTX," 	4,146,719 "," 	276,447,918 ",Mining,,BC,Canada,,,,,,,,,,,,,,,,,," 	55,468,781 "," 	817,883 "," 	1,332 ",12
V-03102,1120311,TSXV,Metalla Royalty & Streaming Ltd.,MTA," 	979,896,171 "," 	92,793,198 ",Mining,,BC,Canada,Other,20180202,NYSE Mkt,,,Y,,,,,,,,,,,," 	8,202,038 "," 	58,875,466 "," 	36,462 ",12
V-04035,1152375,TSXV,Metallic Minerals Corp.,MMG," 	71,283,488 "," 	212,786,530 ",Mining,,BC,Canada,IPO,20110519,,OTCQB,,,,,,,,,,,,,," 	49,080,012 "," 	13,943,119 "," 	12,249 ",12
V-04048,1154550,TSXV,Metallis Resources Inc.,MTS," 	16,717,351 "," 	85,730,003 ",Mining,,BC,Canada,QT,20090504,,OTCQB,Y,,,,,,,,,,,,," 	27,088,215 "," 	7,816,608 "," 	5,120 ",12
V-02605,1114699,TSXV,Metalquest Mining Inc.,MQM," 	9,776,847 "," 	34,304,726 ",Mining,,BC,Canada,,,,OTCQB,,,,,,,,,,,,,," 	4,670,238 "," 	659,016 ", 	705 ,12
V-00089,13448,TSXV,Metals Creek Resources Corp.,MEK," 	6,477,506 "," 	215,916,866 ",Mining,,ON,Canada,QT from NEX,20080128,,,Y,,,,,,,,,,,,," 	53,095,834 "," 	1,585,016 "," 	1,774 ",12
V-02009,1023971,TSXV,Mexican Gold Mining Corp.,MEX," 	8,730,841 "," 	39,685,639 ",Mining,,BC,Canada,IPO,20080602,,OTCQB,,,,,,,,,,,,,," 	9,693,828 "," 	901,178 "," 	1,123 ",12
V-00247,15791,TSXV,Midland Exploration Inc.,MD," 	51,402,921 "," 	112,973,453 ",Mining,,QC,Canada,Other,20070302,,,,,,,,,,,,,,,," 	13,940,486 "," 	5,464,944 "," 	4,712 ",12
V-02234,1101035,TSXV,Midnight Sun Mining Corp.,MMA," 	286,454,264 "," 	213,771,839 ",Mining,,BC,Canada,QT,20100512,,,Y,Y,Y,,,,,,,,,,," 	88,784,862 "," 	88,255,435 "," 	51,126 ",12
V-03705,1129630,TSXV,Millennial Potash Corp.,MLP," 	370,063,700 "," 	110,138,006 ",Mining,,BC,Canada,QT from NEX,20201110,,OTCQB,Y,Y,,,,,,,,,,,," 	74,137,237 "," 	152,241,867 "," 	67,710 ",12
V-00075,1015607,TSXV,Millennium Silver Corp.,MSC," 	3,322,578 "," 	221,505,226 ",Mining,,BC,Canada,Other,20070226,,,,,,,,,,,,,,,," 	34,558,777 "," 	346,280 ", 	753 ,12
V-03810,1114685,TSXV,Minaurum Silver Inc.,MGG," 	208,199,398 "," 	507,803,409 ",Mining,,BC,Canada,Other,20100225,,OTCQX,,Y,,,,,,,,,,,," 	143,465,587 "," 	46,797,477 "," 	32,605 ",12
V-02541,1114125,TSXV,Minco Capital Corp.,MMM," 	3,885,829 "," 	43,175,881 ",Mining,,BC,Canada,TSX Comedown,20170501,,OTCQB,,,,,,,,,,,,,," 	5,099,675 "," 	290,599 ", 	342 ,12
V-02320,1107278,TSXV,Minera Alamos Inc.,MAI," 	572,007,295 "," 	1,079,259,048 ",Mining,,ON,Canada,TSX Comedown,20100511,,OTCQX,,Y,,,,,,,,,,,," 	281,508,582 "," 	111,141,075 "," 	38,547 ",12
V-03118,1130960,TSXV,Mink Ventures Corporation,MINK," 	4,368,873 "," 	33,606,719 ",Mining,,ON,Canada,QT,20230104,,,Y,,,,,,,,,,,,," 	2,573,650 "," 	251,574 ", 	310 ,12
V-02871,1118762,TSXV,Minnova Corp.,MCI," 	30,403,744 "," 	121,614,975 ",Mining,,ON,Canada,Other,20101104,,,,,,,,,,,,,,,," 	37,192,685 "," 	5,447,953 "," 	3,306 ",10
V-02621,1111164,TSXV,Minsud Resources Corp.,MSR," 	100,137,249 "," 	166,895,415 ",Mining,,Argentina,Latin America,QT from NEX,20110525,,,Y,,,,,,,,,,,,," 	621,227 "," 	435,361 ", 	250 ,11
V-04354,1179706,TSXV,Mirasol Resources Ltd.,MRZ," 	41,614,241 "," 	88,540,939 ",Mining,,BC,Canada,Other,20050504,,,,,,,,,,,,,,,," 	12,344,458 "," 	4,963,887 "," 	2,374 ",12
V-02955,1118203,TSXV,Mithril Silver and Gold Limited,MSG," 	91,340,827 "," 	184,526,924 ",Mining,,Australia,Australia/NZ/PNG,Other,20240927,ASX,,,,,,,,,,,,,,," 	7,462,735 "," 	3,491,765 "," 	1,137 ",12
V-05020,1188222,TSXV,Mkango Resources Ltd.,MKA," 	291,642,042 "," 	347,192,907 ",Mining,,AB,Canada,QT,20110106,AIM,,Y,Y,,,,,,,,,,,," 	23,914,238 "," 	19,937,095 "," 	11,340 ",12
V-00648,1023749,TSXV,Mogotes Metals Inc.,MOG," 	121,031,548 "," 	384,227,138 ",Mining,,ON,Canada,Other,20240612,,,,,,,,,,,,,,,," 	107,315,093 "," 	24,623,243 "," 	15,603 ",12
V-04541,1181930,TSXV,Monarca Minerals Inc.,MMN," 	3,796,638 "," 	126,554,606 ",Mining,,ON,Canada,,,,,,,,,,,,,,,,,," 	42,578,990 "," 	539,744 "," 	1,023 ",12
V-01266,1096787,TSXV,Mont Royal Resources Limited,MRZL," 	44,273,409 "," 	192,493,084 ",Mining,,BC,Canada,,,ASX,OTCQX,,,,,,,,,,,,,," 	44,235,632 "," 	5,363,152 "," 	4,210 ",12
V-03121,1133804,TSXV,Montero Mining and Exploration Ltd.,MON," 	3,466,841 "," 	8,353,833 ",Mining,,BC,Canada,IPO,20110215,,,,,,,,,,,,,,,," 	27,353,320 "," 	11,148,911 "," 	3,999 ",12
V-04905,1186720,TSXV,Monument Mining Limited,MMY," 	421,284,339 "," 	345,315,032 ",Mining,,BC,Canada,RTO,20070709,,,,Y,,,,,,,,,,,," 	104,002,165 "," 	69,291,410 "," 	40,058 ",12
V-02886,1118648,TSXV,Monumental Energy Corp.,MNRG," 	2,751,324 "," 	78,609,250 ",Mining,,BC,Canada,IPO,20210430,,OTCQB,,,,,,,,,,,,,," 	30,899,040 "," 	3,207,108 "," 	4,412 ",12
V-01816,38008,TSXV,Moon River Moly Ltd.,MOO," 	25,305,173 "," 	33,296,280 ",Mining,,ON,Canada,QT,20231120,,OTCQB,Y,,,,,,,,,,,,," 	8,056,002 "," 	5,477,148 "," 	3,655 ",12
V-02235,1099696,TSXV,Morien Resources Corp.,MOX," 	14,443,413 "," 	60,180,889 ",Mining,,NS,Canada,RTO,20121109,,,,,,,,,,,,,,,," 	5,701,714 "," 	1,416,875 "," 	1,060 ",12
V-03022,1123285,TSXV,Morocco Strategic Minerals Corporation,MCC," 	17,912,225 "," 	137,786,343 ",Mining,,QC,Canada,Other,20210930,,,,,,,,,,,,,,,," 	26,560,554 "," 	2,540,553 "," 	1,924 ",12
V-04879,1186165,TSXV,Multi-Metal Development Ltd.,MLY," 	10,054,388 "," 	251,359,690 ",Mining,,BC,Canada,,,,,,,,,,,,,,,,,,,,,
V-02260,1101480,TSXV,Mundoro Capital Inc.,MUN," 	28,404,122 "," 	111,388,714 ",Mining,,BC,Canada,TSX Comedown,20110930,,OTCQB,,,,,,,,,,,,,," 	8,886,009 "," 	1,904,682 "," 	2,114 ",12
V-04982,1184370,TSXV,Murchison Minerals Ltd.,MUR," 	8,309,898 "," 	20,774,745 ",Mining,,ON,Canada,Other,20180322,,,,,,,,,,,,,,,," 	24,731,630 "," 	1,573,372 "," 	1,784 ",12
V-04113,1161890,TSXV,Namibia Critical Metals Inc.,NMI," 	59,309,629 "," 	232,586,779 ",Mining,,NS,Canada,TSX Comedown,20170704,,OTCQB,,,,,,,,,,,,,," 	25,674,059 "," 	3,833,841 "," 	3,316 ",12
V-03842,1145555,TSXV,Nations Royalty Corp.,NRC," 	154,888,532 "," 	144,755,637 ",Mining,,BC,Canada,Other,20240621,,OTCQB,,,,,,,,,,,,,," 	8,073,301 "," 	5,904,058 "," 	4,313 ",12
V-04244,1172165,TSXV,Neoterrex Minerals Inc.,NTX," 	18,227,345 "," 	82,851,568 ",Mining,,ON,Canada,QT,20240109,,,Y,,,,,,,,,,,,," 	10,051,045 "," 	1,982,136 "," 	2,290 ",12
V-03108,1130980,TSXV,Nevada King Gold Corp.,NKG," 	89,059,907 "," 	424,094,795 ",Mining,,BC,Canada,RTO from NEX,20190211,,OTCQB,Y,,,,,,,,,,,,," 	70,684,210 "," 	12,374,919 "," 	7,665 ",12
V-02047,40581,TSXV,Nevada Lithium Resources Inc.,NVLH," 	45,395,270 "," 	259,401,541 ",Mining,,BC,Canada,Other,20241231,,OTCQB,,,,,,,,,,,,,," 	19,581,507 "," 	3,671,113 "," 	3,804 ",12
V-04626,1183705,TSXV,Nevada Sunrise Metals Corporation,NEV," 	5,681,559 "," 	126,256,876 ",Mining,,CA,USA,IPO,20080922,,,,,,Auburn,,,,,,,,,," 	51,313,013 "," 	1,784,324 "," 	2,678 ",12
V-00115,24777,TSXV,Nevgold Corp.,NAU," 	115,956,180 "," 	134,832,768 ",Mining,,BC,Canada,RTO,20210629,,OTCQX,,,,,,,,,,,,,," 	71,053,292 "," 	38,459,385 "," 	13,536 ",12
V-00801,821435,TSXV,New Age Metals Inc.,NAM," 	29,547,267 "," 	72,956,214 ",Mining,,BC,Canada,TSX Comedown,20140114,,OTCQB,,,,,,,,,,,,,," 	26,508,917 "," 	7,690,279 "," 	6,296 ",12
V-03698,1141460,TSXV,New Destiny Mining Corp.,NED," 	452,113 "," 	22,605,669 ",Mining,,BC,Canada,IPO,20110111,,,,,,,,,,,,,,,," 	2,568,016 "," 	74,275 ", 	176 ,12
V-03954,1154650,TSXV,New Energy Metals Corp.,ENRG," 	961,803 "," 	4,691,724 ",Mining,,BC,Canada,IPO,20180125,,OTCQB,,,,,,,,,,,,,," 	796,830 "," 	189,360 ", 	239 ,12
V-02390,1108163,TSXV,New Found Gold Corp.,NFG," 	1,388,113,992 "," 	341,899,998 ",Mining,,BC,Canada,IPO,20200811,NYSE Mkt,,,Y,,,,,,,,,,,," 	158,099,044 "," 	419,782,943 "," 	260,343 ",12
V-04867,1185392,TSXV,New Tymbal Resources Ltd.,NTB," 	358,840 "," 	17,941,983 ",Mining,,BC,Canada,,,,,,,,,,,,,,,,,," 	958,095 "," 	24,251 ", 	193 ,12
V-03109,1114282,TSXV,Newcore Gold Ltd.,NCAU," 	163,554,537 "," 	263,797,640 ",Mining,,BC,Canada,QT,20110714,,OTCQX,Y,Y,Y,,,,,,,,,,," 	58,764,265 "," 	36,456,431 "," 	17,165 ",12
V-02041,1024021,TSXV,Newport Exploration Ltd.,NWX," 	8,446,390 "," 	105,579,874 ",Mining,,BC,Canada,,,,,,,,,,,,,,,,,," 	16,612,218 "," 	1,687,830 "," 	2,440 ",12
V-00323,22713,TSXV,NeXGold Mining Corp.,NEXG," 	425,599,462 "," 	241,817,876 ",Mining,,ON,Canada,TSX Comedown,20240705,,OTCQX,,Y,,,,,,,,,,,," 	144,153,576 "," 	161,911,276 "," 	71,811 ",12
V-01406,1009811,TSXV,NexMetals Mining Corp.,NEXM," 	190,649,789 "," 	35,502,754 ",Mining,,BC,Canada,RTO,20220818,,,,,,,,,,,,,,,," 	61,528,809 "," 	115,400,535 "," 	56,303 ",12
V-03962,1153141,TSXV,Nexus Gold Corp.,NXS," 	3,483,678 "," 	14,515,325 ",Mining,,BC,Canada,RTO,20140812,,,Y,,,,,,,,,,,,," 	26,949,714 "," 	637,943 "," 	1,595 ",12
V-00349,1023254,TSXV,NiCan Limited,NICN," 	4,467,956 "," 	111,698,902 ",Mining,,ON,Canada,Other,20220803,,OTCQB,,,,,,,,,,,,,," 	25,780,549 "," 	1,155,513 "," 	1,526 ",12
V-00553,1016387,TSXV,Nickel 28 Capital Corp.,NKL," 	70,357,050 "," 	86,860,555 ",Mining,,ON,Canada,Other,20191115,,,,,,,,,,,,,,,," 	7,446,206 "," 	5,462,099 "," 	2,677 ",12
V-00350,1023544,TSXV,Nickel Creek Platinum Corp.,NCP," 	25,030,411 "," 	7,050,820 ",Mining,,ON,Canada,TSX Comedown,20241223,,OTCQB,,,,,,,,,,,,,," 	1,015,478 "," 	1,714,021 "," 	2,305 ",12
V-03003,1116366,TSXV,Nickel North Exploration Corp.,NNX," 	4,963,065 "," 	165,435,497 ",Mining,,BC,Canada,QT from NEX,20120809,,,Y,,,,,,,,,,,,," 	13,839,905 "," 	386,991 ", 	660 ,12
V-01326,33235,TSXV,Nicola Mining Inc.,NIM," 	203,325,949 "," 	209,614,380 ",Mining,,BC,Canada,,,,OTCQB,,Y,,,,,,,,,,,," 	24,436,625 "," 	17,527,731 "," 	7,496 ",12
V-04653,1183860,TSXV,Nio Strategic Metals Inc.,NIO," 	15,133,370 "," 	108,095,497 ",Mining,,QC,Canada,TSX Comedown,20141028,,,,,,,,,,,,,,,," 	16,683,938 "," 	1,670,586 "," 	2,018 ",12
V-02402,1111050,TSXV,Niobay Metals Inc.,NBY," 	23,382,936 "," 	187,063,490 ",Mining,,QC,Canada,TSX Comedown,20160331,,OTCQB,,,,,,,,,,,,,," 	57,684,318 "," 	6,511,114 "," 	6,533 ",12
V-00365,17799,TSXV,NOA Lithium Brines Inc.,NOAL," 	65,745,277 "," 	252,866,451 ",Mining,,ON,Canada,QT,20230303,,,Y,,,,,,,,,,,,," 	47,909,071 "," 	14,417,193 "," 	7,545 ",12
V-02513,1111313,TSXV,Nobel Resources Corp.,NBLC," 	6,467,285 "," 	161,682,117 ",Mining,,ON,Canada,Other,20210420,,,,,,,,,,,,,,,," 	20,899,851 "," 	740,971 ", 	698 ,10
V-00390,1023309,TSXV,Noble Mineral Exploration Inc.,NOB," 	21,626,780 "," 	254,432,703 ",Mining,,ON,Canada,Other,20070628,,OTCQB,,,,,,,,,,,,,," 	56,414,070 "," 	2,993,586 "," 	2,897 ",12
V-02425,1110123,TSXV,Noble Plains Uranium Corp.,NOBL," 	11,037,221 "," 	68,982,630 ",Mining,,BC,Canada,IPO,20091231,,OTCQB,,,,,,,,,,,,,," 	19,904,387 "," 	1,987,095 "," 	1,870 ",12
V-03883,1152377,TSXV,Noram Lithium Corp.,NRM," 	9,392,524 "," 	89,452,611 ",Mining,,BC,Canada,IPO,20110729,,OTCQB,,,,,,,,,,,,,," 	9,474,611 "," 	1,035,207 "," 	2,166 ",12
V-00370,1097644,TSXV,Nord Precious Metals Mining Inc.,NTH," 	29,011,061 "," 	98,342,580 ",Mining,,BC,Canada,QT,20071002,,OTCQB,Y,,,,,,,,,,,,," 	39,216,604 "," 	8,452,219 "," 	8,787 ",12
V-04968,1187495,TSXV,Nortec Minerals Corp.,NVT," 	1,274,174 "," 	50,966,962 ",Mining,,BC,Canada,,,,,Y,,,,,,,,,,,,," 	4,571,567 "," 	101,088 ", 	221 ,12
V-03711,1126005,TSXV,North Arrow Minerals Inc.,NAR," 	6,001,847 "," 	28,580,224 ",Mining,,BC,Canada,Other,20070510,,,,,,,,,,,,,,,," 	9,571,640 "," 	1,713,524 "," 	1,461 ",12
V-02920,1119218,TSXV,North Peak Resources Ltd.,NPR," 	48,709,256 "," 	44,281,142 ",Mining,,ON,Canada,COB,20200630,,,Y,,,,,,,,,,,,," 	10,263,231 "," 	8,531,016 "," 	4,811 ",12
V-04767,1184955,TSXV,North Shore Uranium Ltd.,NSU," 	21,798,441 "," 	75,167,038 ",Mining,,BC,Canada,QT,20231102,,,Y,,,,,,,,,,,,," 	14,747,647 "," 	2,137,112 "," 	2,240 ",12
V-02535,1110160,TSXV,Northern Graphite Corporation,NGC," 	46,187,587 "," 	256,597,703 ",Mining,,ON,Canada,IPO,20110420,,OTCQB,,,,,,,,,,,,,," 	45,429,326 "," 	7,580,764 "," 	9,754 ",12
V-02420,1109800,TSXV,Northern Lion Gold Corp.,NL," 	4,628,284 "," 	13,612,600 ",Mining,,BC,Canada,,,,,,,,,,,,,,,,,," 	135,509 "," 	25,426 ", 	54 ,11
V-00515,24614,TSXV,Northern Shield Resources Inc.,NRN," 	9,472,792 "," 	135,325,601 ",Mining,,ON,Canada,,,,,,,,,,,,,,,,,," 	33,265,784 "," 	2,149,426 "," 	1,987 ",12
V-04512,1181990,TSXV,NorthIsle Copper and Gold Inc.,NCX," 	768,891,366 "," 	293,469,987 ",Mining,,BC,Canada,Other,20111024,,,,Y,,,,,,,,,,,," 	86,904,556 "," 	117,410,036 "," 	69,192 ",12
V-5055,1188710,TSXV,Northwest Copper Corp.,NWST," 	112,304,717 "," 	261,173,760 ",Mining,,BC,Canada,,,,,,,,,,,,,,,,,," 	43,639,123 "," 	13,154,843 "," 	6,994 ",12
V-02013,23987,TSXV,Nulegacy Gold Corporation,NUG," 	1,056,710 "," 	2,895,097 ",Mining,,BC,Canada,IPO,20101209,,,,,,,,,,,,,,,," 	3,854,989 "," 	183,698 ", 	813 ,12
V-04088,1158135,TSXV,Nuvau Minerals Inc.,NMC," 	39,994,493 "," 	51,274,991 ",Mining,,ON,Canada,QT,20241217,,,Y,,,,,,,,,,,,," 	18,925,604 "," 	11,631,697 "," 	4,642 ",12
V-00397,1023931,TSXV,NV Gold Corporation,NVX," 	4,840,443 "," 	24,202,215 ",Mining,,BC,Canada,QT,20091126,,OTCQB,Y,,,,,,,,,,,,," 	2,532,375 "," 	438,911 ", 	655 ,12
V-00785,14331,TSXV,Oceanic Iron Ore Corp.,FEO," 	99,616,698 "," 	153,256,458 ",Mining,,BC,Canada,,,,,Y,,,,,,,,,,,,," 	35,845,024 "," 	21,060,935 "," 	5,816 ",12
V-00404,1087625,TSXV,Olivut Resources Ltd.,OLV," 	3,708,140 "," 	82,403,111 ",Mining,,AB,Canada,QT from NEX,20070110,,,Y,,,,,,,,,,,,," 	3,300,279 "," 	153,908 ", 	387 ,12
V-04094,1160545,TSXV,OMAI Gold Mines Corp.,OMG," 	938,756,396 "," 	670,540,283 ",Mining,,ON,Canada,RTO,20201118,,OTCQB,,Y,,,,,,,,,,,," 	256,486,040 "," 	206,824,098 "," 	81,098 ",12
V-04480,1181410,TSXV,Omineca Mining and Metals Ltd.,OMM," 	18,326,302 "," 	261,804,318 ",Mining,,SK,Canada,Other,20110524,,,,,,,,,,,,,,,," 	56,721,295 "," 	3,153,624 "," 	2,784 ",12
V-01499,1044479,TSXV,One Bullion Limited,OBUL," 	25,518,721 "," 	182,276,580 ",Mining,,ON,Canada,RTO,20251222,,,,,,,,,,,,,,,," 	457,763 "," 	100,141 ", 	108 ,1
V-00822,17760,TSXV,OnGold Resources Ltd.,ONAU," 	73,899,220 "," 	73,899,220 ",Mining,,ON,Canada,Other,20240508,,OTCQB,,,,,,,,,,,,,," 	12,062,167 "," 	8,248,369 "," 	4,536 ",12
V-04856,1186186,TSXV,Onyx Gold Corp.,ONYX," 	129,507,312 "," 	85,202,179 ",Mining,,BC,Canada,Other,20230724,,OTCQX,,Y,,,,,,,,,,,," 	33,215,910 "," 	40,373,161 "," 	22,249 ",12
V-03667,1135050,TSXV,Opawica Explorations Inc.,OPW," 	2,950,408 "," 	39,338,767 ",Mining,,BC,Canada,Other,20091005,,OTCQB,,,,,,,,,,,,,," 	15,225,644 "," 	1,970,701 "," 	2,140 ",12
V-04053,1154435,TSXV,Ophir Metals Corp.,OPHR," 	2,996,585 "," 	99,886,161 ",Mining,,BC,Canada,QT,20110914,,OTCQB,Y,,,,,,,,,,,,," 	27,891,879 "," 	1,189,695 "," 	1,419 ",12
V-00435,1102444,TSXV,Optegra Ventures Inc.,OPTG," 	187,380 "," 	2,204,473 ",Mining,,BC,Canada,IPO,20170315,,,,,,,,,,,,,,,," 	1,176,519 "," 	32,534 ", 	108 ,8
V-03080,1128640,TSXV,Opus One Gold Corporation,OOR," 	17,554,438 "," 	234,059,176 ",Mining,,QC,Canada,,,,,,,,,,,,,,,,,," 	53,512,007 "," 	3,452,163 "," 	2,037 ",12
V-04909,1186290,TSXV,Oracle Commodity Holding Corp.,ORCL," 	5,195,677 "," 	103,913,540 ",Mining,,BC,Canada,Other,20240405,,OTCQB,,,,,,,,,,,,,," 	74,821,770 "," 	2,636,647 "," 	4,291 ",12
V-04210,1168410,TSXV,Orestone Mining Corp.,ORS," 	8,559,485 "," 	106,993,563 ",Mining,,BC,Canada,IPO,20080311,,,,,,,,,,,,,,,," 	31,545,763 "," 	2,158,112 "," 	1,703 ",12
V-01393,1023898,TSXV,Orex Minerals Inc.,REX," 	7,968,527 "," 	36,220,578 ",Mining,,BC,Canada,,,,OTCQB,,,,,,,,,,,,,," 	16,578,512 "," 	3,255,558 "," 	2,634 ",12
V-02269,1104436,TSXV,Oroco Resource Corp.,OCO," 	110,961,817 "," 	264,194,803 ",Mining,,BC,Canada,IPO,20080318,,OTCQB,,,,,,,,,,,,,," 	41,354,657 "," 	13,423,953 "," 	10,914 ",12
V-05003,1187000,TSXV,Orogen Royalties Inc.,OGN," 	153,742,221 "," 	59,359,931 ",Mining,,BC,Canada,Other,20200820,,OTCQX,,,Y,,,,,,,,,,," 	32,121,354 "," 	57,817,900 "," 	27,994 ",12
V-00448,1061422,TSXV,Orosur Mining Inc.,OMI," 	174,746,683 "," 	392,689,176 ",Mining,,UK,UK/Europe,TSX Comedown,20211101,AIM,,,Y,,,,,,,,,,,," 	104,049,117 "," 	31,953,486 "," 	19,547 ",12
V-01051,1074388,TSXV,Osisko Development Corp.,ODV," 	1,186,073,249 "," 	255,069,516 ",Mining,,QC,Canada,RTO from NEX,20201202,NYSE,,,Y,,,,,,,,,,,," 	30,714,166 "," 	97,397,046 "," 	51,133 ",12
V-01015,31077,TSXV,P2 Gold Inc.,PGLD," 	149,420,787 "," 	223,016,100 ",Mining,,ON,Canada,IPO,20181016,,OTCQB,,,,,,,,,,,,,," 	86,540,101 "," 	26,918,419 "," 	16,378 ",12
V-00481,1094937,TSXV,Pacific Bay Minerals Ltd.,PBM," 	2,653,373 "," 	35,378,300 ",Mining,,BC,Canada,,,,,,,,,,,,,,,,,," 	1,554,148 "," 	149,273 ", 	248 ,9
V-02917,1119741,TSXV,Pacific Booker Minerals Inc.,BKM," 	17,657,817 "," 	16,816,969 ",Mining,,BC,Canada,,,,,,,,,,,,,,,,,," 	1,484,867 "," 	1,375,883 "," 	1,308 ",12
V-00191,42352,TSXV,Pacific Empire Minerals Corp.,PEMC," 	37,022,749 "," 	200,122,965 ",Mining,,BC,Canada,IPO,20180320,,,,,,,,,,,,,,,," 	83,953,864 "," 	6,348,120 "," 	4,608 ",12
V-02178,1093376,TSXV,Pacific Imperial Mines Inc.,PPM," 	1,655,207 "," 	82,760,374 ",Mining,,BC,Canada,Other,20051215,,,,,,,,,,,,,,,," 	12,771,604 "," 	130,784 ", 	430 ,12
V-04832,1185842,TSXV,Pacific Ridge Exploration Ltd.,PEX," 	14,774,633 "," 	59,098,530 ",Mining,,BC,Canada,,,,,,,,,,,,,,,,,," 	70,339,413 "," 	15,112,664 "," 	10,942 ",12
V-04772,1185091,TSXV,Palamina Corp.,PA," 	12,120,529 "," 	93,234,836 ",Mining,,ON,Canada,Other,20151113,,OTCQB,,,,,,,,,,,,,," 	8,750,180 "," 	1,025,374 ", 	878 ,12
V-03662,1138681,TSXV,Pambili Natural Resources Corporation,PNN," 	2,429,210 "," 	60,730,261 ",Mining,,AB,Canada,Other,20070105,,,,,,,,,,,,,,,," 	1,544,366 "," 	67,214 ", 	218 ,7
V-04220,1157930,TSXV,Pan Global Resources Inc.,PGZ," 	40,215,864 "," 	321,726,911 ",Mining,,BC,Canada,QT,20090609,,OTCQX,Y,,,,,,,,,,,,," 	54,181,896 "," 	7,655,812 "," 	8,003 ",12
V-5060,1188780,TSXV,Panoro Minerals Ltd.,PML," 	108,297,370 "," 	274,170,558 ",Mining,,BC,Canada,,,Lima (BVL),OTCQB,Y,Y,,,,,,,,,,,," 	15,461,012 "," 	6,193,936 "," 	4,961 ",12
V-04985,1187800,TSXV,Pantera Silver Corp.,PNTR," 	48,973,186 "," 	67,086,556 ",Mining,,BC,Canada,,,,,,,,,,,,,,,,,," 	39,145,187 "," 	17,985,408 "," 	10,340 ",12
V-00928,1023948,TSXV,Paradigm Gold Corporation,PDQ," 	1,201,234 "," 	10,920,308 ",Mining,,BC,Canada,Other,20110628,,,,,,,,,,,,,,,," 	7,432,114 "," 	122,466 ", 	240 ,12
V-02461,1111955,TSXV,Pasofino Gold Limited,VEIN," 	81,558,682 "," 	151,034,596 ",Mining,,ON,Canada,QT,20130419,,OTCQB,Y,,,,,,,,,,,,," 	12,106,760 "," 	6,481,989 "," 	2,954 ",12
V-05021,1188330,TSXV,Patagonia Gold Corp.,PGDC," 	174,394,309 "," 	465,051,490 ",Mining,,Argentina,Latin America,RTO,20190724,,,Y,,,,,,,,,,,,," 	25,795,156 "," 	4,484,170 "," 	3,509 ",12
V-04537,1182090,TSXV,Patterson Metals Corp.,PAT," 	2,133,219 "," 	7,110,730 ",Mining,,BC,Canada,QT,20140919,,,Y,,,,,,,,,,,,," 	2,543,748 "," 	1,124,006 "," 	1,235 ",12
V-00525,25220,TSXV,Pecoy Copper Corp.,PCU," 	276,525,286 "," 	209,488,853 ",Mining,,BC,Canada,Other,20250908,,,,,,,,,,,,,,,," 	26,670,377 "," 	24,223,671 "," 	6,411 ",4
V-04599,1182295,TSXV,Pegasus Resources Inc.,PEGA," 	2,194,042 "," 	39,891,668 ",Mining,,BC,Canada,,,,,,,,,,,,,,,,,," 	23,509,113 "," 	1,937,295 "," 	3,428 ",12
V-02689,1113868,TSXV,Pelangio Exploration Inc.,PX," 	71,462,718 "," 	250,746,379 ",Mining,,ON,Canada,Other,20080910,,,,,,,,,,,,,,,," 	40,305,006 "," 	5,615,513 "," 	4,446 ",12
V-04400,1179545,TSXV,Perseverance Metals Inc.,PMI," 	14,652,440 "," 	28,730,275 ",Mining,,BC,Canada,Other,20251014,,,,,,,,,,,,,,,," 	2,261,573 "," 	1,168,467 ", 	639 ,3
V-02819,1118104,TSXV,Peruvian Metals Corp.,PER," 	6,939,449 "," 	126,171,807 ",Mining,,ON,Canada,RTO,,,OTCQB,,,,,,,,,,,,,," 	35,586,937 "," 	968,649 "," 	1,350 ",12
V-00828,1062313,TSXV,Phenom Resources Corp.,PHNM," 	29,989,444 "," 	117,605,664 ",Mining,,BC,Canada,Other,20070514,,OTCQX,,,,,,,,,,,,,," 	16,200,477 "," 	4,236,109 "," 	4,057 ",12
V-00542,1096190,TSXV,Pinnacle Silver and Gold Corp.,PINN," 	20,823,086 "," 	126,200,522 ",Mining,,BC,Canada,IPO,20080402,,,,,,,,,,,,,,,," 	47,502,454 "," 	4,442,300 "," 	3,257 ",11
V-04124,1009834,TSXV,Pirate Gold Corp.,YARR," 	115,837,544 "," 	503,641,496 ",Mining,,NL,Canada,QT,20080910,,OTCQB,Y,,,,,,,,,,,,," 	179,530,776 "," 	24,864,518 "," 	14,307 ",12
V-00551,26224,TSXV,PJX Resources Inc.,PJX," 	25,234,003 "," 	186,918,542 ",Mining,,ON,Canada,IPO,20110914,,OTCQB,,,,,,,,,,,,,," 	11,274,600 "," 	1,344,923 "," 	1,070 ",12
V-04910,1185275,TSXV,Plato Gold Corp.,PGC," 	6,919,972 "," 	230,665,717 ",Mining,,ON,Canada,QT,20050601,,OTCQB,Y,,,,,,,,,,,,," 	12,450,417 "," 	337,003 ", 	619 ,12
V-00557,1080961,TSXV,Playfair Mining Ltd.,PLY," 	2,826,943 "," 	141,347,160 ",Mining,,BC,Canada,,,,,,,,,,,,,,,,,," 	19,854,413 "," 	523,290 ", 	727 ,10
V-03151,1133975,TSXV,Portofino Resources Inc.,POR," 	1,754,439 "," 	175,443,899 ",Mining,,BC,Canada,IPO,20141205,,,,,,,,,,,,,,,," 	34,549,040 "," 	257,634 ", 	659 ,12
V-00562,20993,TSXV,Power Group Projects Corp.,PGP," 	339,121 "," 	16,956,057 ",Mining,,BC,Canada,QT,20111205,,,Y,,,,,,,,,,,,," 	3,554,592 "," 	81,433 ", 	114 ,6
V-00368,1092236,TSXV,Power Metallic Mines Inc.,PNPN," 	289,833,520 "," 	231,866,816 ",Mining,,BC,Canada,,,,OTCQB,,Y,Y,,,,,,,,,,," 	111,866,628 "," 	141,771,267 "," 	112,850 ",12
V-00458,1023857,TSXV,Power Metals Corp.,PWM," 	142,238,865 "," 	173,462,030 ",Mining,,BC,Canada,Other,20070705,,OTCQB,,,,,,,,,,,,,," 	72,065,094 "," 	66,298,147 "," 	35,019 ",12
V-03926,1154355,TSXV,Power One Resources Corp.,PWRO," 	1,660,930 "," 	33,218,592 ",Mining,,BC,Canada,Other,20240118,,,,,,,,,,,,,,,," 	20,661,849 "," 	953,226 "," 	1,698 ",12
V-04429,1180915,TSXV,PPX Mining Corp.,PPX," 	248,214,558 "," 	841,405,280 ",Mining,,BC,Canada,Other,20050715,Lima (BVL),,,Y,,,,,,,,,,,," 	35,561,605 "," 	7,980,364 "," 	5,877 ",12
V-03944,1150440,TSXV,Precipitate Gold Corp.,PRG," 	22,814,191 "," 	130,366,808 ",Mining,,BC,Canada,IPO,20120529,,OTCQB,,,,,,,,,,,,,," 	38,280,558 "," 	4,209,520 "," 	2,994 ",12
V-04379,1179986,TSXV,Premier American Uranium Inc.,PUR," 	47,430,273 "," 	67,757,533 ",Mining,,ON,Canada,Other,20231201,,OTCQB,,,,,,,,,,,,,," 	29,106,243 "," 	30,053,585 "," 	31,752 ",12
V-03670,1133420,TSXV,Primary Hydrogen Corp.,HDRO," 	5,611,012 "," 	48,791,411 ",Mining,,BC,Canada,Other,20210827,,OTCQB,,,,,,,,,,,,,," 	50,218,019 "," 	22,402,254 "," 	12,554 ",12
V-04992,1187615,TSXV,ProAm Explorations Corporation,PMX," 	1,080,436 "," 	15,434,798 ",Mining,,BC,Canada,,,,,,,,,,,,,,,,,," 	1,136,320 "," 	89,254 ", 	93 ,11
V-00586,30240,TSXV,Prospector Metals Corp.,PPP," 	184,446,165 "," 	149,956,232 ",Mining,,BC,Canada,QT,20090720,,OTCQB,Y,,,,,,,,,,,,," 	96,225,776 "," 	84,512,303 "," 	28,554 ",12
V-04681,1184500,TSXV,Prosper Gold Corp.,PGX," 	2,790,332 "," 	62,007,385 ",Mining,,ON,Canada,QT from NEX,20130903,,OTCQB,Y,,,,,,,,,,,,," 	21,182,703 "," 	1,414,656 "," 	1,787 ",12
V-00189,1009474,TSXV,Providence Gold Mines Inc.,PHD," 	3,182,297 "," 	63,645,932 ",Mining,,BC,Canada,IPO,20121211,,,,,,,,,,,,,,,," 	14,446,224 "," 	483,759 ", 	807 ,12
V-00603,1023673,TSXV,PTX Metals Inc.,PTX," 	21,767,554 "," 	174,140,430 ",Mining,,ON,Canada,Other,20250311,,OTCQB,,,,,,,,,,,,,," 	86,417,644 "," 	9,303,591 "," 	6,716 ",10
V-04137,1163480,TSXV,Puma Exploration Inc.,PUMA," 	34,731,678 "," 	198,466,729 ",Mining,,QC,Canada,,,SSEV,OTCQB,Y,,,,,,,,,,,,," 	38,909,650 "," 	4,444,510 "," 	4,314 ",12
V-00611,29141,TSXV,Pure Energy Minerals Limited,PE," 	9,511,035 "," 	33,967,983 ",Mining,,BC,Canada,COB,20090817,,OTCQB,Y,,,,,,,,,,,,," 	2,978,792 "," 	665,675 "," 	1,138 ",12
V-04837,1185690,TSXV,Purepoint Uranium Group Inc.,PTU," 	34,844,200 "," 	79,191,363 ",Mining,,ON,Canada,QT,20050603,,OTCQB,Y,,,,,,,,,,,,," 	25,226,303 "," 	11,466,734 "," 	10,159 ",12
V-03990,1147435,TSXV,Purewave Hydrogen Corp.,PWH," 	713,460 "," 	35,673,000 ",Mining,,CO,USA,IPO,20220509,,,,,,Denver,,,,,,,,,," 	10,401,933 "," 	514,418 ", 	830 ,12
V-03851,1142415,TSXV,Q2 Metals Corp.,QTWO," 	381,231,690 "," 	195,503,431 ",Mining,,ON,Canada,QT,20120125,,OTCQB,Y,Y,Y,,,,,,,,,,," 	60,444,918 "," 	58,743,938 "," 	40,343 ",12
V-01489,1099330,TSXV,QCX Gold Corp.,QCX," 	5,404,206 "," 	21,616,825 ",Mining,,BC,Canada,QT,20110104,,,Y,,,,,,,,,,,,," 	4,520,540 "," 	290,463 ", 	478 ,12
V-03631,1122448,TSXV,Q-Gold Resources Ltd.,QGR," 	39,538,136 "," 	158,152,545 ",Mining,,AZ,USA,Other,19980325,,,,,,Flagstaff,,,,,,,,,," 	21,961,427 "," 	4,539,700 "," 	2,630 ",12
V-04004,1149985,TSXV,QMC Quantum Minerals Corp.,QMC," 	6,765,254 "," 	104,080,824 ",Mining,,BC,Canada,IPO,20110228,,,,,,,,,,,,,,,," 	7,520,734 "," 	458,045 "," 	1,503 ",12
V-04064,1159475,TSXV,Quadro Resources Ltd.,QRO," 	997,905 "," 	28,511,576 ",Mining,,BC,Canada,,,,,,,,,,,,,,,,,," 	4,716,191 "," 	154,141 ", 	250 ,12
V-04530,1182338,TSXV,Quantum Critical Metals Corp.,LEAP," 	12,589,277 "," 	119,897,875 ",Mining,,BC,Canada,IPO,20090702,,OTCQB,,,,,,,,,,,,,," 	37,373,297 "," 	4,134,887 "," 	4,048 ",12
V-04387,1179975,TSXV,Quartz Mountain Resources Ltd.,QZM," 	60,079,987 "," 	70,682,338 ",Mining,,BC,Canada,Other,20050217,,,,,,,,,,,,,,,," 	7,105,621 "," 	4,821,502 "," 	2,595 ",12
V-00776,1023984,TSXV,Quri-Mayu Developments Ltd.,QURI," 	5,473,134 "," 	84,202,065 ",Mining,,BC,Canada,IPO,20220815,,,,,,,,,,,,,,,," 	26,942,793 "," 	1,327,456 ", 	829 ,12
V-04682,1184140,TSXV,Rackla Metals Inc.,RAK," 	14,665,495 "," 	162,949,946 ",Mining,,BC,Canada,Other,20111209,,,,,,,,,,,,,,,," 	179,880,361 "," 	66,759,417 "," 	26,951 ",12
V-02730,1116770,TSXV,Radisson Mining Resources Inc.,RDS," 	389,089,077 "," 	432,321,197 ",Mining,,QC,Canada,,,,OTCQB,,Y,,,,,,,,,,,," 	102,092,613 "," 	60,103,716 "," 	30,315 ",12
V-00627,28733,TSXV,Radius Gold Inc.,RDU," 	16,198,595 "," 	115,704,251 ",Mining,,BC,Canada,,,,,,,,,,,,,,,,,," 	45,910,508 "," 	6,236,151 "," 	5,060 ",12
V-03654,1139180,TSXV,Rainy Mountain Royalty Corp.,RMO," 	1,950,013 "," 	26,000,178 ",Mining,,BC,Canada,,,,,,,,,,,,,,,,,," 	625,737 "," 	67,906 ", 	143 ,12
V-04062,1153365,TSXV,Ramp Metals Inc.,RAMP," 	14,436,943 "," 	45,115,447 ",Mining,,BC,Canada,QT,20240322,,,Y,,,,,,,,,,,,," 	29,494,845 "," 	24,374,867 "," 	16,280 ",12
V-04683,1183985,TSXV,Ranchero Gold Corp.,RNCH," 	2,472,015 "," 	70,628,988 ",Mining,,BC,Canada,RTO,20211020,,,,,,,,,,,,,,,," 	2,930,710 "," 	182,030 ", 	433 ,12
V-03124,1133795,TSXV,Rathdowney Resources Ltd.,RTH," 	4,608,549 "," 	230,427,450 ",Mining,,BC,Canada,QT,20110317,,,Y,,,,,,,,,,,,," 	7,987,748 "," 	141,978 ", 	334 ,12
V-00633,1101624,TSXV,Record Resources Inc.,REC," 	8,986,024 "," 	138,246,518 ",Mining,,AB,Canada,QT,20140129,,,Y,,,,,,,,,,,,," 	122,676,518 "," 	6,672,626 "," 	5,412 ",12
V-03100,1126300,TSXV,Red Pine Exploration Inc.,RPX," 	59,448,399 "," 	371,552,494 ",Mining,,ON,Canada,,,,OTCQB,,,,,,,,,,,,,," 	131,533,849 "," 	16,368,909 "," 	14,093 ",12
V-01517,1061527,TSXV,ReeXploration Inc.,REE," 	17,977,529 "," 	128,410,924 ",Mining,,NS,Canada,QT,20211021,,,Y,,,,,,,,,,,,," 	16,528,702 "," 	1,768,954 "," 	1,324 ",12
V-04454,1181465,TSXV,Regency Silver Corp.,RSMX," 	15,634,138 "," 	120,262,599 ",Mining,,BC,Canada,IPO,20220426,,OTCQB,,,,,,,,,,,,,," 	33,855,905 "," 	4,173,248 "," 	4,181 ",12
V-00752,24893,TSXV,Regulus Resources Inc.,REG," 	463,259,825 "," 	125,544,668 ",Mining,,AB,Canada,Other,20101220,Lima (BVL),OTCQX,,Y,,,,,,,,,,,," 	8,178,251 "," 	20,258,100 "," 	11,974 ",12
V-01739,12311,TSXV,Relevant Gold Corp.,RGC," 	47,571,584 "," 	118,928,961 ",Mining,,BC,Canada,Other,20230809,,OTCQB,,,,,,,,,,,,,," 	7,739,426 "," 	2,800,123 "," 	2,429 ",12
V-01364,28030,TSXV,Renegade Gold Inc.,RAGE," 	15,626,999 "," 	40,069,229 ",Mining,,ON,Canada,IPO,20080715,,OTCQX,,,,,,,,,,,,,," 	21,610,267 "," 	3,342,407 "," 	3,924 ",12
V-01075,27392,TSXV,Resouro Strategic Metals Inc.,RSM," 	25,821,612 "," 	107,590,049 ",Mining,,ON,Canada,RTO from NEX,20220518,ASX,OTCQB,,,,,,,,,,,,,," 	16,153,349 "," 	3,888,399 "," 	2,162 ",12
V-5078,1188927,TSXV,Rev Exploration Corp.,REVX," 	18,824,122 "," 	35,517,211 ",Mining,,BC,Canada,Other,20091019,,,,,,,,,,,,,,,," 	18,852,077 "," 	7,195,162 "," 	4,773 ",12
V-04504,1181146,TSXV,Revival Gold Inc.,RVG," 	188,033,200 "," 	272,511,884 ",Mining,,ON,Canada,QT,20110426,,OTCQX,Y,Y,,,,,,,,,,,," 	70,324,813 "," 	40,203,006 "," 	19,271 ",12
EUR0015,1187750,TSXV,Rex Resources Corp.,OWN," 	1,362,982 "," 	18,173,095 ",Mining,,BC,Canada,IPO,20210602,,,,,,,,,,,,,,,," 	5,809,643 "," 	199,748 ", 	179 ,9
V-02650,1114336,TSXV,Rhyolite Resources Ltd.,RYE," 	15,005,935 "," 	107,185,253 ",Mining,,BC,Canada,Other,20061003,,,,,,,,,,,,,,,," 	18,893,772 "," 	2,236,054 ", 	772 ,12
V-04820,1185425,TSXV,Richmond Minerals Inc.,RMD," 	1,629,602 "," 	36,213,387 ",Mining,,ON,Canada,,,,,,,,,,,,,,,,,," 	3,280,815 "," 	112,383 ", 	343 ,12
V-04603,1183256,TSXV,Ridgeline Minerals Corp.,RDG," 	40,911,044 "," 	141,072,567 ",Mining,,BC,Canada,IPO,20200813,,OTCQB,,,,,,,,,,,,,," 	66,318,886 "," 	14,695,288 "," 	9,686 ",12
V-04936,1186950,TSXV,Ridgestone Mining Inc.,RMI," 	1,606,630 "," 	15,301,236 ",Mining,,Taiwan,Asia,IPO,20180216,,,,,,,Taiwan,,,,,,,,," 	590,567 "," 	68,217 ", 	223 ,12
EXC0010,29329,TSXV,Riley Gold Corp.,RLYG," 	10,756,634 "," 	42,182,880 ",Mining,,BC,Canada,QT,20170329,,OTCQB,Y,,,,,,,,,,,,," 	3,009,191 "," 	593,799 ", 	427 ,12
V-00268,1091464,TSXV,Rio Silver Inc.,RYO," 	21,607,452 "," 	43,214,904 ",Mining,,ON,Canada,QT,20011011,,,Y,,,,,,,,,,,,," 	11,600,991 "," 	2,588,169 "," 	2,764 ",12
V-04169,1167790,TSXV,River Road Resources Ltd.,RRRL," 	5,741,667 "," 	11,483,334 ",Mining,,BC,Canada,IPO,20250917,,,,,,,,,,,,,,,," 	9,185 "," 	2,608 ", 	18 ,3
V-5057,1188680,TSXV,Riverside Resources Inc.,RRI," 	15,330,610 "," 	74,783,464 ",Mining,,BC,Canada,Other,20070827,,OTCQB,,,,,,,,,,,,,," 	15,865,753 "," 	2,800,649 "," 	2,472 ",12
V-04745,1184780,TSXV,RJK Explorations Ltd.,RJX," 	3,315,934 "," 	94,740,982 ",Mining,,ON,Canada,,,,,,,,,,,,,,,,,," 	13,490,120 "," 	294,438 ", 	615 ,12
V-03634,1135105,TSXV,Robex Resources Inc.,RBX," 	1,445,513,440 "," 	276,388,803 ",Mining,,QC,Canada,,,ASX,,,Y,,,,,,,,,,,," 	14,976,486 "," 	50,639,569 "," 	27,375 ",12
V-01758,1023402,TSXV,Rochester Resources Ltd.,RCT," 	11,786,031 "," 	47,144,125 ",Mining,,BC,Canada,,,,,,,,,,,,,,,,,," 	4,253,216 "," 	264,259 ", 	619 ,12
V-02688,1115788,TSXV,Rock Tech Lithium Inc.,RCK," 	82,800,000 "," 	115,000,000 ",Mining,,BC,Canada,,,,OTCQX,,,,,,,,,,,,,," 	11,357,169 "," 	10,753,701 "," 	8,505 ",12
V-00690,29799,TSXV,Rockhaven Resources Ltd.,RK," 	52,704,565 "," 	292,803,137 ",Mining,,BC,Canada,Other,20080429,,,,,,,,,,,,,,,," 	33,198,417 "," 	2,987,947 "," 	2,372 ",12
V-02386,1107688,TSXV,Rokmaster Resources Corp.,RKR," 	7,933,619 "," 	198,340,478 ",Mining,,BC,Canada,IPO,20111121,,OTCQB,,,,,,,,,,,,,," 	24,293,726 "," 	756,005 "," 	1,188 ",12
V-5068,1188870,TSXV,Roland Minerals Enterprises Corp.,RME," 	39,596,482 "," 	152,294,162 ",Mining,,BC,Canada,,,,,,,,,,,,,,,,,," 	484,541 "," 	92,641 ", 	164 ,11
V-00698,1084835,TSXV,Romios Gold Resources Inc.,RG," 	8,171,499 "," 	326,859,969 ",Mining,,ON,Canada,,,,,,,,,,,,,,,,,," 	28,375,036 "," 	778,909 ", 	995 ,12
V-04525,1181195,TSXV,Roscan Gold Corporation,ROS," 	65,777,206 "," 	438,514,705 ",Mining,,ON,Canada,,,,OTCQB,,,,,,,,,,,,,," 	109,153,922 "," 	9,262,061 "," 	5,192 ",12
V-04341,1179135,TSXV,Route 109 Resources Inc.,RTE," 	1,675,989 "," 	16,759,889 ",Mining,,BC,Canada,IPO,20180222,,OTCQB,,,,,,,,,,,,,," 	4,280,836 "," 	408,659 ", 	582 ,12
V-02983,1118539,TSXV,Royal Road Minerals Limited,RYR," 	57,226,323 "," 	293,468,324 ",Mining,,Jersey,UK/Europe,QT from NEX,20150420,,,Y,,,,,,,,,,,,," 	63,505,318 "," 	7,904,462 "," 	1,891 ",12
V-04132,1162070,TSXV,RT Minerals Corp.,RTM," 	687,791 "," 	11,463,175 ",Mining,,BC,Canada,Other,20110805,,,,,,,,,,,,,,,," 	4,412,250 "," 	398,934 ", 	615 ,12
V-00466,14196,TSXV,Rua Gold Inc.,RUA," 	105,504,584 "," 	84,403,667 ",Mining,,New Zealand,Australia/NZ/PNG,Other,20240729,,OTCQB,,,,,,,,,,,,,," 	30,270,027 "," 	26,079,050 "," 	13,519 ",12
V-00457,17446,TSXV,Rusoro Mining Ltd.,RML," 	582,876,963 "," 	626,749,423 ",Mining,,BC,Canada,RTO,20061109,,,Y,Y,,,,,,,,,,,," 	59,926,258 "," 	63,409,936 "," 	24,334 ",12
V-00713,28805,TSXV,Sable Resources Ltd.,SAE," 	12,791,929 "," 	319,798,231 ",Mining,,BC,Canada,,,,OTCQB,,,,,,,,,,,,,," 	59,138,167 "," 	2,243,096 "," 	2,656 ",12
V-03127,1128422,TSXV,Saga Metals Corp.,SAGA," 	34,091,576 "," 	71,024,116 ",Mining,,BC,Canada,IPO,20240923,,OTCQB,,,,,,,,,,,,,," 	29,616,888 "," 	11,758,527 "," 	9,687 ",12
V-00696,1098014,TSXV,Sage Potash Corp.,SAGE," 	36,001,599 "," 	163,643,633 ",Mining,,BC,Canada,Other,20230320,,OTCQB,,,,,,,,,,,,,," 	68,300,607 "," 	19,988,329 "," 	10,743 ",12
V-00177,1023933,TSXV,Sailfish Royalty Corp.,FISH," 	253,927,871 "," 	76,254,616 ",Mining,,British Virgin Islands,Latin America,Other,20171222,,OTCQX,,,,,,,,,,,,,," 	5,203,375 "," 	11,800,791 "," 	6,722 ",12
V-04300,1176910,TSXV,Salazar Resources Limited,SRL," 	61,067,825 "," 	259,863,084 ",Mining,,BC,Canada,RTO from NEX,20070309,,,,,,,,,,,,,,,," 	35,206,755 "," 	4,607,046 "," 	2,387 ",12
V-04700,1184627,TSXV,Sama Resources Inc.,SME," 	13,204,106 "," 	220,068,440 ",Mining,,BC,Canada,QT,20091118,,,Y,,,,,,,,,,,,," 	22,568,730 "," 	1,339,310 "," 	2,821 ",12
V-00708,1023511,TSXV,San Lorenzo Gold Corp.,SLG," 	75,890,075 "," 	84,322,305 ",Mining,,AB,Canada,QT,20201229,,,Y,,,,,,,,,,,,," 	60,080,305 "," 	22,147,279 "," 	10,795 ",12
V-04076,1160860,TSXV,Sandfire Resources America Inc.,SFR," 	322,356,130 "," 	1,023,352,794 ",Mining,,MT,USA,Other,20050214,,OTCQB,,Y,,White Sulphur Springs,,,,,,,,,," 	962,980 "," 	286,254 ", 	404 ,12
V-04845,1186030,TSXV,Santacruz Silver Mining Ltd.,SCZ," 	1,210,507,771 "," 	91,497,186 ",Mining,,Mexico,Latin America,QT,20120416,SSEV,OTCQB,Y,Y,,,,,,,,,,,," 	256,260,399 "," 	487,364,366 "," 	235,309 ",12
V-00734,29960,TSXV,Sarama Resources Ltd.,SWA," 	20,838,173 "," 	463,070,521 ",Mining,,Australia,Australia/NZ/PNG,IPO,20111103,ASX,,,,,,,,,,,,,,," 	18,732,924 "," 	762,960 ", 	807 ,12
V-00930,1023563,TSXV,Scandium Canada Ltd.,SCD," 	58,442,511 "," 	365,265,692 ",Mining,,QC,Canada,Other,20180116,,OTCQB,,,,,,,,,,,,,," 	181,078,881 "," 	11,162,407 "," 	13,722 ",12
V-04782,1184750,TSXV,Scandium International Mining Corp.,SCY," 	37,564,885 "," 	357,760,813 ",Mining,,NV,USA,TSX Comedown,20250204,,,,,,Reno,,,,,,,,,," 	41,951,732 "," 	3,235,347 "," 	3,233 ",11
V-00740,1094723,TSXV,Scorpio Gold Corporation,SGN," 	94,523,840 "," 	273,982,144 ",Mining,,BC,Canada,QT,20090615,,OTCQB,Y,,,,,,,,,,,,," 	101,332,543 "," 	26,335,413 "," 	12,030 ",12
V-02165,1065762,TSXV,Scottie Resources Corp.,SCOT," 	122,359,442 "," 	75,530,520 ",Mining,,BC,Canada,IPO,20111007,,OTCQB,,,,,,,,,,,,,," 	16,719,526 "," 	22,739,298 "," 	12,357 ",12
V-01749,14495,TSXV,Search Minerals Inc.,SMY," 	17,844,487 "," 	44,611,217 ",Mining,,BC,Canada,QT,20081027,,,Y,,,,,,,,,,,,," 	5,722,925 "," 	1,746,909 "," 	1,732 ",7
V-04407,1180667,TSXV,Searchlight Resources Inc.,SCLT," 	7,760,140 "," 	43,111,888 ",Mining,,BC,Canada,Other,20110718,,,,,,,,,,,,,,,," 	22,477,938 "," 	632,413 "," 	1,060 ",12
V-04620,1183050,TSXV,Sego Resources Inc.,SGZ," 	17,296,540 "," 	192,183,776 ",Mining,,BC,Canada,Other,20070327,,,,,,,,,,,,,,,," 	27,498,918 "," 	1,103,192 "," 	1,139 ",12
V-00754,1062292,TSXV,Selkirk Copper Mines Inc.,SCMI," 	70,773,310 "," 	126,380,911 ",Mining,,BC,Canada,QT,20110525,,,Y,,,,,,,,,,,,," 	12,209,679 "," 	6,202,646 "," 	2,651 ",8
V-01357,27626,TSXV,Sendero Resources Corp.,SEND," 	33,782,689 "," 	24,130,492 ",Mining,,BC,Canada,Other,20231004,,,,,,,,,,,,,,,," 	8,322,486 "," 	5,575,416 "," 	2,719 ",12
V-02474,1106069,TSXV,Sherpa II Holdings Corp.,SHRP," 	5,839,096 "," 	27,158,585 ",Mining,,BC,Canada,QT,20201229,,,Y,,,,,,,,,,,,," 	617,285 "," 	90,355 ", 	98 ,10
V-04096,1161505,TSXV,Sienna Resources Inc.,SIEN," 	4,740,493 "," 	43,095,390 ",Mining,,BC,Canada,,,,,,,,,,,,,,,,,," 	56,629,373 "," 	3,490,883 "," 	3,048 ",12
V-01247,22311,TSXV,Sierra Madre Gold and Silver Ltd.,SM," 	320,282,702 "," 	187,299,826 ",Mining,,BC,Canada,Other,20210419,,OTCQX,,Y,,,,,,,,,,,," 	60,695,990 "," 	67,475,826 "," 	37,709 ",12
V-00761,1023604,TSXV,Sigma Lithium Corporation,SGML," 	2,010,823,771 "," 	111,402,979 ",Mining,,Brazil,Latin America,QT from NEX,20180509,NasdaqCM,,Y,Y,,,,,,,,,,,," 	18,071,123 "," 	179,167,558 "," 	85,154 ",12
V-04446,1181245,TSXV,Signature Resources Ltd.,SGU," 	16,558,724 "," 	236,553,198 ",Mining,,BC,Canada,IPO,20111118,,OTCQB,,,,,,,,,,,,,," 	10,872,274 "," 	620,999 ", 	927 ,12
V-04605,1183281,TSXV,Silver Bullet Mines Corp.,SBMI," 	37,700,950 "," 	142,267,737 ",Mining,,ON,Canada,QT,20211202,,OTCQB,Y,,,,,,,,,,,,," 	35,320,392 "," 	7,973,608 "," 	4,561 ",12
V-00161,1011549,TSXV,Silver Grail Resources Ltd.,SVG," 	21,838,311 "," 	43,676,622 ",Mining,,BC,Canada,,,,,,,,,,,,,,,,,," 	9,116,013 "," 	2,082,603 "," 	1,655 ",12
V-03636,1137321,TSXV,Silver Mountain Resources Inc.,AGMR," 	231,230,095 "," 	57,235,172 ",Mining,,ON,Canada,IPO,20220202,,OTCQB,,,,,,,,,,,,,," 	63,343,248 "," 	73,229,881 "," 	52,078 ",12
V-00782,22045,TSXV,Silver North Resources Ltd.,SNAG," 	31,964,178 "," 	81,959,431 ",Mining,,BC,Canada,QT,20070731,,OTCQB,Y,,,,,,,,,,,,," 	37,075,933 "," 	9,609,381 "," 	7,793 ",12
V-04020,1155600,TSXV,Silver One Resources Inc.,SVE," 	180,225,371 "," 	290,686,082 ",Mining,,BC,Canada,QT from NEX,20160805,,OTCQX,Y,,,,,,,,,,,,," 	57,643,979 "," 	21,512,029 "," 	17,112 ",12
V-00748,20855,TSXV,Silver Predator Corp.,SPD," 	3,892,982 "," 	35,390,745 ",Mining,,ID,USA,TSX Comedown,20140313,,,,,,Hayden,,,,,,,,,," 	2,479,219 "," 	222,853 ", 	448 ,12
V-03735,1138395,TSXV,Silver Range Resources Ltd.,SNG," 	13,281,705 "," 	98,382,999 ",Mining,,BC,Canada,Other,20110810,,,,,,,,,,,,,,,," 	8,414,741 "," 	990,558 ", 	962 ,12
V-00899,15138,TSXV,Silver Spruce Resources Inc.,SSE," 	4,322,038 "," 	21,610,189 ",Mining,,NS,Canada,,,,,,,,,,,,,,,,,," 	112,945,306 "," 	1,664,927 "," 	2,920 ",12
V-02725,1116051,TSXV,Silver Storm Mining Ltd.,SVRS," 	424,591,170 "," 	744,896,790 ",Mining,,QC,Canada,,,,,,Y,,,,,,,,,,,," 	437,120,972 "," 	105,387,715 "," 	57,667 ",12
V-03028,1123950,TSXV,Silver Tiger Metals Inc.,SLVR," 	462,824,308 "," 	508,598,141 ",Mining,,NS,Canada,QT,20111101,,OTCQX,Y,Y,,,,,,,,,,,," 	266,850,469 "," 	171,353,792 "," 	68,462 ",12
V-03855,1148670,TSXV,Silver Valley Metals Corp.,SILV," 	3,472,339 "," 	19,290,772 ",Mining,,BC,Canada,Other,20050413,,,,,,,,,,,,,,,," 	19,972,515 "," 	1,604,729 "," 	1,815 ",12
V-01436,1079919,TSXV,Silver Viper Minerals Corp.,VIPR," 	203,341,446 "," 	92,009,704 ",Mining,,BC,Canada,IPO,20170927,,OTCQB,,,,,,,,,,,,,," 	23,256,444 "," 	23,049,188 "," 	12,239 ",12
V-04194,1169135,TSXV,Silver Wolf Exploration Ltd.,SWLF," 	8,393,934 "," 	62,177,286 ",Mining,,BC,Canada,Other,20061129,,OTCQB,,,,,,,,,,,,,," 	14,315,861 "," 	1,727,395 "," 	1,961 ",12
V-02157,1023879,TSXV,Silver X Mining Corp.,AGX," 	298,856,521 "," 	276,719,001 ",Mining,,BC,Canada,IPO,20100201,,OTCQB,,,,,,,,,,,,,," 	251,389,573 "," 	120,598,955 "," 	57,844 ",12
V-04330,1175125,TSXV,Silver47 Exploration Corp.,AGA," 	179,840,918 "," 	172,923,960 ",Mining,,BC,Canada,Other,20241114,,,,,,,,,,,,,,,," 	154,603,351 "," 	130,411,642 "," 	54,741 ",12
V-02411,1109065,TSXV,Silverco Mining Ltd.,SICO," 	309,854,518 "," 	32,616,265 ",Mining,,BC,Canada,RTO,20251023,,,Y,,,,,,,,,,,,," 	29,381,692 "," 	26,284,259 "," 	9,578 ",10
V-02849,1118764,TSXV,Sirios Resources Inc.,SOI," 	98,867,689 "," 	387,716,426 ",Mining,,QC,Canada,,,,OTCQB,,,,,,,,,,,,,," 	123,468,531 "," 	11,645,817 "," 	7,352 ",12
V-04823,1185855,TSXV,Sitka Gold Corp.,SIG," 	360,709,503 "," 	371,865,467 ",Mining,,BC,Canada,Other,20240305,,OTCQB,,Y,,,,,,,,,,,," 	205,754,117 "," 	165,983,215 "," 	50,038 ",12
V-01371,35273,TSXV,SKRR Exploration Inc.,SKRR," 	5,175,062 "," 	17,250,207 ",Mining,,BC,Canada,IPO,20121031,,,,,,,,,,,,,,,," 	2,917,430 "," 	721,591 ", 	779 ,7
V-5056,1188475,TSXV,Sky Gold Corp.,SKYG," 	3,944,110 "," 	78,882,191 ",Mining,,BC,Canada,QT,20110322,,,Y,,,,,,,,,,,,," 	21,561,207 "," 	892,887 "," 	1,286 ",12
V-03959,1154445,TSXV,Skyharbour Resources Ltd.,SYH," 	86,440,634 "," 	210,830,815 ",Mining,,BC,Canada,,,,OTCQX,,,,,,,,,,,,,," 	150,186,534 "," 	54,054,789 "," 	45,155 ",12
V-01289,15667,TSXV,SLAM Exploration Ltd.,SXL," 	11,174,327 "," 	131,462,672 ",Mining,,NB,Canada,,,,,,,,,,,,,,,,,," 	46,442,831 "," 	2,362,542 "," 	2,259 ",12
V-02307,1104541,TSXV,Smooth Rock Ventures Corp.,SMRV," 	2,344,111 "," 	12,337,425 ",Mining,,BC,Canada,,,,,,,,,,,,,,,,,," 	1,206,541 "," 	118,997 ", 	281 ,11
V-02870,1117336,TSXV,Solstice Gold Corp.,SGC," 	18,982,325 "," 	253,097,665 ",Mining,,BC,Canada,Other,20180514,,,,,,,,,,,,,,,," 	45,911,298 "," 	2,462,520 "," 	2,950 ",12
V-03701,1135745,TSXV,Soma Gold Corp.,SOMA," 	181,916,212 "," 	117,365,298 ",Mining,,BC,Canada,QT,20120502,,OTCQX,Y,,,,,,,,,,,,," 	45,040,303 "," 	53,700,616 "," 	40,991 ",12
V-00199,14380,TSXV,Sonoro Gold Corp.,SGO," 	89,062,338 "," 	287,297,864 ",Mining,,AB,Canada,Other,20000929,,OTCQB,,,,,,,,,,,,,," 	65,290,991 "," 	10,765,097 "," 	7,466 ",12
V-00816,20469,TSXV,South Atlantic Gold Inc.,SAO," 	4,387,427 "," 	109,685,666 ",Mining,,BC,Canada,QT,20090826,,,Y,,,,,,,,,,,,," 	18,809,826 "," 	502,669 ", 	387 ,12
V-00819,1096692,TSXV,South Pacific Metals Corp.,SPMC," 	35,952,810 "," 	69,140,020 ",Mining,,Singapore,Asia,QT,20201208,,OTCQB,Y,,,,Singapore,,,,,,,,," 	18,989,369 "," 	11,690,261 "," 	4,726 ",12
V-04245,1174396,TSXV,South Star Battery Metals Corp.,STS," 	15,176,132 "," 	108,400,944 ",Mining,,BC,Canada,,,,OTCQB,,,,,,,,,,,,,," 	13,691,231 "," 	3,327,804 "," 	2,863 ",12
V-00825,1023020,TSXV,Southern Empire Resources Corp.,SMP," 	3,617,390 "," 	72,347,800 ",Mining,,BC,Canada,QT,20200324,,,Y,,,,,,,,,,,,," 	7,937,585 "," 	345,528 ", 	500 ,12
V-00245,1023713,TSXV,Southern Silver Exploration Corp.,SSV," 	286,769,836 "," 	403,901,177 ",Mining,,BC,Canada,,,SSEV,,,Y,,,,,,,,,,,," 	249,476,166 "," 	87,363,659 "," 	48,141 ",12
V-03870,1148995,TSXV,SouthGobi Resources Ltd.,SGQ," 	80,110,260 "," 	296,704,666 ",Mining,,BC,Canada,TSX Comedown,20230417,HKEx,,,,,,,,,,,,,,," 	1,257,738 "," 	565,192 ", 	813 ,12
V-04474,1181925,TSXV,Southstone Minerals Limited,SML," 	160,209 "," 	32,041,888 ",Mining,,BC,Canada,IPO,20110512,,,,,,,,,,,,,,,,,,,
V-00836,19421,TSXV,Spanish Mountain Gold Ltd.,SPA," 	119,885,865 "," 	503,722,122 ",Mining,,BC,Canada,,,,OTCQB,,,,,,,,,,,,,," 	128,064,106 "," 	19,745,151 "," 	14,424 ",12
V-02034,1081442,TSXV,Spartan Metals Corp.,W," 	17,492,848 "," 	37,218,826 ",Mining,,BC,Canada,,,,,,,,,,,,,,,,,," 	6,200,979 "," 	2,618,439 "," 	1,570 ",12
SIE0004,1187885,TSXV,Sparton Resources Inc.,SRI," 	4,543,181 "," 	181,727,252 ",Mining,,ON,Canada,,,,,,,,,,,,,,,,,," 	20,037,597 "," 	489,754 ", 	704 ,12
V-01197,821224,TSXV,SPC Nickel Corp.,SPC," 	31,284,575 "," 	368,053,825 ",Mining,,ON,Canada,Other,20210308,,,,,,,,,,,,,,,," 	84,429,971 "," 	2,946,579 "," 	2,597 ",12
V-00813,1094412,TSXV,SRQ Resources Inc.,SRQ," 	2,535,261 "," 	46,095,650 ",Mining,,QC,Canada,Other,20230816,,,,,,,,,,,,,,,," 	20,972,264 "," 	2,521,406 "," 	2,858 ",12
V-04263,1175665,TSXV,St. James Gold Corp.,LORD," 	4,543,548 "," 	37,862,902 ",Mining,,BC,Canada,,,,,,,,,,,,,,,,,," 	1,894,040 "," 	309,636 ", 	440 ,7
V-04928,1185755,TSXV,Stakeholder Gold Corp.,SRC," 	18,461,044 "," 	22,791,412 ",Mining,,ON,Canada,Other,20110621,,,,,,,,,,,,,,,," 	1,474,784 "," 	1,160,084 ", 	672 ,12
V-02469,1111374,TSXV,Stallion Uranium Corp.,STUD," 	43,477,144 "," 	133,775,828 ",Mining,,BC,Canada,IPO,20131022,,OTCQB,,,,,,,,,,,,,," 	43,120,822 "," 	8,440,105 "," 	7,916 ",11
V-00847,21848,TSXV,Standard Lithium Ltd.,SLI," 	1,453,093,069 "," 	239,389,303 ",Mining,,BC,Canada,,,NYSE Mkt,,,Y,,,,,,,,,,,," 	70,336,102 "," 	299,316,833 "," 	155,149 ",12
V-00490,1023685,TSXV,Standard Uranium Ltd.,STND," 	12,683,575 "," 	140,928,607 ",Mining,,BC,Canada,Other,20200504,,OTCQB,,,,,,,,,,,,,," 	27,660,329 "," 	2,857,678 "," 	4,241 ",12
V-04323,1178611,TSXV,Star Royalties Ltd.,STRR," 	26,335,444 "," 	77,457,187 ",Mining,,ON,Canada,IPO,20210219,,OTCQX,,,,,,,,,,,,,," 	14,226,194 "," 	3,806,301 "," 	2,075 ",12
V-00452,1023974,TSXV,Starr Peak Mining Ltd.,STE," 	17,020,668 "," 	57,697,181 ",Mining,,BC,Canada,,,,OTCQX,,,,,,,,,,,,,," 	12,033,721 "," 	4,375,760 "," 	2,728 ",12
V-00853,21630,TSXV,Stellar AfricaGold Inc.,SPX," 	9,745,618 "," 	64,970,784 ",Mining,,QC,Canada,,,,,,,,,,,,,,,,,," 	27,536,646 "," 	4,306,509 "," 	4,664 ",12
V-04786,1185100,TSXV,Sterling Metals Corp.,SAG," 	80,746,227 "," 	43,411,950 ",Mining,,ON,Canada,QT,20060411,,OTCQB,Y,,,,,,,,,,,,," 	30,438,706 "," 	32,508,038 "," 	14,689 ",12
V-02624,1112804,TSXV,Stillwater Critical Minerals Corp.,PGE," 	106,746,271 "," 	273,708,386 ",Mining,,BC,Canada,QT,20071001,,OTCQB,Y,,,,,,,,,,,,," 	124,349,214 "," 	40,899,440 "," 	30,652 ",12
V-02829,1118373,TSXV,Stockworks Gold Inc.,STW," 	1,410,276 "," 	14,845,013 ",Mining,,BC,Canada,QT from NEX,20180629,,,Y,,,,,,,,,,,,," 	9,316,264 "," 	369,702 ", 	682 ,12
V-00926,1051020,TSXV,Storm Exploration Inc.,STRM," 	5,889,881 "," 	20,666,250 ",Mining,,BC,Canada,RTO from NEX,20171129,,,,,,,,,,,,,,,," 	16,592,474 "," 	1,149,479 ", 	869 ,12
V-04639,1183655,TSXV,Strategic Metals Ltd.,SMD," 	32,732,010 "," 	110,955,967 ",Mining,,BC,Canada,,,,,,,,,,,,,,,,,," 	14,963,422 "," 	3,144,015 "," 	2,193 ",12
V-04595,1183025,TSXV,Strategic Resources Inc.,SR," 	17,708,399 "," 	59,027,995 ",Mining,,BC,Canada,Other,20050923,,,,,,,,,,,,,,,," 	1,969,850 "," 	717,587 ", 	856 ,12
V-00863,41773,TSXV,Stria Lithium Inc.,SRA," 	16,748,840 "," 	39,409,036 ",Mining,,ON,Canada,QT,20131218,,OTCQB,Y,,,,,,,,,,,,," 	7,774,890 "," 	1,479,237 "," 	1,334 ",12
V-04632,1183875,TSXV,Strikepoint Gold Inc.,SKP," 	9,046,895 "," 	62,392,382 ",Mining,,BC,Canada,,,,OTCQB,,,,,,,,,,,,,," 	27,120,717 "," 	4,176,107 "," 	4,400 ",12
V-00869,1063002,TSXV,Stroud Resources Ltd.,SDR," 	10,372,176 "," 	57,623,199 ",Mining,,ON,Canada,,,,,,,,,,,,,,,,,," 	6,750,733 "," 	743,840 "," 	1,001 ",12
V-05027,1188340,TSXV,Stuhini Exploration Ltd.,STU," 	7,176,877 "," 	51,263,410 ",Mining,,BC,Canada,IPO,20190521,,OTCQB,,,,,,,,,,,,,," 	10,609,343 "," 	1,453,450 "," 	1,209 ",12
V-5058,1185650,TSXV,Stuve Gold Corp.,STUV," 	2,025,979 "," 	9,882,826 ",Mining,,AB,Canada,QT,20201013,,,Y,,,,,,,,,,,,," 	1,186,887 "," 	140,274 ", 	245 ,11
V-04120,1159886,TSXV,Summit Royalties Ltd.,SUM," 	110,369,686 "," 	71,206,249 ",Mining,,ON,Canada,Other,20251110,,,,,,,,,,,,,,,," 	5,446,554 "," 	7,152,178 "," 	4,089 ",2
V-01324,1052374,TSXV,Sun Peak Metals Corp.,PEAK," 	60,771,463 "," 	164,247,196 ",Mining,,BC,Canada,Other,20200817,,OTCQB,,,,,,,,,,,,,," 	7,115,093 "," 	2,035,687 "," 	1,393 ",12
V-04885,1185841,TSXV,Sun Summit Minerals Corp.,SMN," 	34,097,607 "," 	252,574,866 ",Mining,,BC,Canada,IPO,20071218,,OTCQB,,,,,,,,,,,,,," 	136,520,688 "," 	19,864,029 "," 	10,702 ",12
V-00880,1098534,TSXV,Superior Mining International Corporation,SUI," 	4,702,383 "," 	78,373,048 ",Mining,,BC,Canada,,19900314,,,,,,,,,,,,,,,," 	4,059,827 "," 	447,146 ", 	878 ,12
V-01130,1044318,TSXV,Surge Battery Metals Inc.,NILI," 	145,804,489 "," 	199,732,177 ",Mining,,BC,Canada,,,,OTCQX,,,,,,,,,,,,,," 	131,731,231 "," 	56,580,307 "," 	27,139 ",12
V-00468,24145,TSXV,Surge Copper Corp.,SURG," 	164,071,880 "," 	345,414,484 ",Mining,,BC,Canada,,,,OTCQB,,,,,,,,,,,,,," 	81,092,590 "," 	17,146,372 "," 	12,575 ",12
V-04391,1179300,TSXV,Sylla Gold Corp.,SYG," 	1,101,097 "," 	55,054,832 ",Mining,,NS,Canada,,,,OTCQB,,,,,,,,,,,,,," 	8,432,765 "," 	203,302 ", 	304 ,12
V-04517,1182010,TSXV,T2 Metals Corp.,TWO," 	14,233,976 "," 	47,446,586 ",Mining,,BC,Canada,,,,OTCQB,,,,,,,,,,,,,," 	9,010,681 "," 	1,785,691 "," 	1,414 ",12
V-02685,1114811,TSXV,Tactical Resources Corp.,RARE," 	53,480,086 "," 	8,066,378 ",Mining,,BC,Canada,Other,20230831,,,,,,,,,,,,,,,," 	4,054,108 "," 	3,508,563 "," 	2,471 ",12
V-02080,34882,TSXV,Tajiri Resources Corp.,TAJ," 	41,973,005 "," 	186,546,688 ",Mining,,BC,Canada,QT,20110426,,,Y,,,,,,,,,,,,," 	33,631,092 "," 	3,955,163 "," 	2,114 ",12
V-00113,1067751,TSXV,Taranis Resources Inc.,TRO," 	22,532,727 "," 	102,421,487 ",Mining,,CO,USA,,20030918,,OTCQB,,,,Lakewood,,,,,,,,,," 	1,101,583 "," 	262,341 ", 	415 ,12
V-00412,821862,TSXV,Tarku Resources Ltd.,TKU," 	633,693 "," 	126,738,588 ",Mining,,BC,Canada,QT,20140521,,OTCQB,Y,,,,,,,,,,,,," 	11,553,032 "," 	118,043 ", 	497 ,8
V-02723,1112057,TSXV,TDG Gold Corp.,TDG," 	308,281,731 "," 	308,281,731 ",Mining,,BC,Canada,QT,20201217,,,Y,Y,,,,,,,,,,,," 	144,150,706 "," 	113,855,755 "," 	43,765 ",12
V-04560,1182390,TSXV,Tearlach Resources Limited,TEA," 	1,324,462 "," 	88,297,482 ",Mining,,BC,Canada,,19970522,,,,,,,,,,,,,,,," 	3,369,704 "," 	51,224 ", 	162 ,4
V-00391,1056713,TSXV,Tectonic Metals Inc.,TECT," 	79,321,235 "," 	90,137,767 ",Mining,,BC,Canada,Other,20191118,,OTCQB,,,,,,,,,,,,,," 	46,579,784 "," 	15,429,935 "," 	10,442 ",12
V-04556,1182945,TSXV,Terra Rossa Gold Ltd.,TRR," 	32,733,991 "," 	72,742,203 ",Mining,,BC,Canada,RTO,20251022,,,,,,,,,,,,,,,," 	12,596,514 "," 	4,809,342 ", 	879 ,3
V-02348,1107290,TSXV,Tesoro Minerals Corp.,TES," 	2,961,614 "," 	32,906,826 ",Mining,,BC,Canada,,,,,,,,,,,,,,,,,," 	4,045,992 "," 	230,074 ", 	337 ,12
V-03754,1138440,TSXV,Teuton Resources Corp.,TUO," 	92,607,666 "," 	59,746,881 ",Mining,,BC,Canada,,,,OTCQB,,,,,,,,,,,,,," 	11,026,897 "," 	12,960,404 "," 	7,381 ",12
V-02233,1103569,TSXV,TGX Energy & Resources Inc.,TGX," 	1,510,981 "," 	11,192,451 ",Mining,,BC,Canada,,,,,,,,,,,,,,,,,," 	188,944 "," 	21,664 ", 	137 ,12
V-00905,29422,TSXV,Thesis Gold Inc.,TAU," 	571,545,609 "," 	260,979,730 ",Mining,,BC,Canada,IPO,20121101,,OTCQX,,Y,,,,,,,,,,,," 	129,688,820 "," 	153,891,694 "," 	71,103 ",12
V-02895,1117273,TSXV,Thor Explorations Ltd.,THX," 	844,927,802 "," 	665,297,482 ",Mining,,BC,Canada,,,AIM,,,Y,,,,,,,,,,,," 	104,616,033 "," 	94,452,443 "," 	50,928 ",12
V-01669,40626,TSXV,Thunder Gold Corp.,TGOL," 	16,839,478 "," 	280,657,960 ",Mining,,BC,Canada,,,,OTCQB,,,,,,,,,,,,,," 	64,475,670 "," 	4,214,971 "," 	3,480 ",12
V-03016,1123005,TSXV,"Thunder Mountain Gold, Inc.",THM," 	83,255,579 "," 	83,255,579 ",Mining,,ID,USA,Other,20100924,,OTCQB,,,,Boise,,,,,,,,,," 	5,514,339 "," 	2,946,421 "," 	2,204 ",11
V-02897,1118792,TSXV,Thunderbird Minerals Corp.,BIRD," 	1,844,935 "," 	21,705,120 ",Mining,,BC,Canada,Other,20230629,,,,,,,,,,,,,,,," 	4,938,885 "," 	234,134 ", 	494 ,12
V-04479,1181820,TSXV,Thunderstruck Resources Ltd.,AWE," 	3,109,649 "," 	56,539,072 ",Mining,,BC,Canada,QT,20140512,,,Y,,,,,,,,,,,,," 	3,519,164 "," 	177,967 ", 	305 ,12
V-02361,1109312,TSXV,Tier One Silver Inc.,TSLV," 	46,571,914 "," 	258,732,856 ",Mining,,BC,Canada,Other,20210609,,OTCQB,,,,,,,,,,,,,," 	49,090,034 "," 	5,397,263 "," 	4,619 ",12
V-01934,1101461,TSXV,Tiernan Gold Corp.,TNGD," 	341,437,511 "," 	47,753,498 ",Mining,,BC,Canada,QT,20251219,,,Y,,,,,,,,,,,,," 	1,488,985 "," 	4,863,224 "," 	1,746 ",10
V-04544,1182760,TSXV,Tiger Gold Corp.,TIGR," 	65,371,892 "," 	103,764,908 ",Mining,,BC,Canada,QT,20251219,,,Y,,,,,,,,,,,,," 	3,122,104 "," 	1,661,269 ", 	612 ,7
V-01842,1062245,TSXV,Tincorp Metals Inc.,TIN," 	18,143,726 "," 	71,151,868 ",Mining,,BC,Canada,Other,20201125,,OTCQX,,,,,,,,,,,,,," 	3,247,155 "," 	611,870 "," 	1,294 ",12
V-05008,1187865,TSXV,Tinka Resources Limited,TK," 	58,809,323 "," 	133,657,553 ",Mining,,BC,Canada,,20030211,Lima (BVL),OTCQB,,,,,,,,,,,,,," 	107,274,420 "," 	8,835,165 "," 	4,692 ",12
V-02202,42502,TSXV,TinOne Resources Inc.,TORC," 	2,902,133 "," 	15,274,385 ",Mining,,BC,Canada,QT,20220105,,,Y,,,,,,,,,,,,," 	3,440,158 "," 	336,640 ", 	424 ,12
V-01944,1023561,TSXV,Tintina Mines Ltd.,TTS," 	56,674,815 "," 	149,144,251 ",Mining,,ON,Canada,,,,,,,,,,,,,,,,,," 	1,666,171 "," 	420,257 ", 	578 ,12
V-04834,1185566,TSXV,TNR Gold Corp.,TNR," 	35,769,153 "," 	210,406,780 ",Mining,,BC,Canada,,,,,,,,,,,,,,,,,," 	77,085,981 "," 	6,690,097 "," 	3,093 ",12
V-04714,1184535,TSXV,TomaGold Corporation,LOT," 	15,746,734 "," 	286,304,253 ",Mining,,QC,Canada,QT,20091007,,,Y,,,,,,,,,,,,," 	69,431,316 "," 	2,026,234 "," 	1,847 ",12
V-00265,15928,TSXV,Tombill Mines Limited,TBLL," 	5,270,069 "," 	263,503,451 ",Mining,,BC,Canada,QT,20201215,,,Y,,,,,,,,,,,,," 	13,465,185 "," 	216,623 ", 	758 ,12
V-04942,1186755,TSXV,Toogood Gold Corp.,TGC," 	14,252,177 "," 	83,836,338 ",Mining,,BC,Canada,QT,20250716,,,Y,,,,,,,,,,,,," 	29,305,573 "," 	7,350,686 "," 	5,187 ",8
V-02960,1119147,TSXV,Torq Resources Inc.,TORQ," 	15,801,257 "," 	185,897,146 ",Mining,,BC,Canada,RTO,20110914,,OTCQB,,,,,,,,,,,,,," 	19,779,466 "," 	1,738,017 "," 	2,849 ",12
V-01330,1098024,TSXV,Torr Metals Inc.,TMET," 	19,279,739 "," 	83,824,953 ",Mining,,AB,Canada,QT,20211207,,,Y,,,,,,,,,,,,," 	22,204,897 "," 	3,600,287 "," 	2,182 ",12
V-00038,30196,TSXV,Total Metals Corp.,TT," 	39,026,219 "," 	58,248,088 ",Mining,,BC,Canada,RTO,20250818,,,,,,,,,,,,,,,," 	13,557,739 "," 	11,680,458 "," 	6,379 ",5
V-00951,25723,TSXV,Tower Resources Ltd.,TWR," 	40,462,089 "," 	172,179,101 ",Mining,,BC,Canada,,,,,,,,,,,,,,,,,," 	19,641,643 "," 	3,037,024 "," 	2,301 ",12
V-03917,1153630,TSXV,Trailbreaker Resources Ltd.,TBK," 	11,807,302 "," 	40,714,834 ",Mining,,BC,Canada,,,,OTCQB,,,,,,,,,,,,,," 	9,757,728 "," 	3,183,610 "," 	2,577 ",12
V-04428,1181079,TSXV,Transatlantic Mining Corp.,TCO," 	8,663,992 "," 	86,639,916 ",Mining,,BC,Canada,Other,20110325,,,,,,,,,,,,,,,," 	10,358,081 "," 	1,084,826 "," 	1,351 ",12
V-04805,1185555,TSXV,Transition Metals Corp.,XTM," 	6,546,846 "," 	81,835,576 ",Mining,,ON,Canada,IPO,20110826,,,,,,,,,,,,,,,," 	30,617,558 "," 	1,698,936 "," 	1,794 ",12
V-00210,1097782,TSXV,Tres-Or Resources Ltd.,TRS," 	1,640,201 "," 	25,233,863 ",Mining,,BC,Canada,,,,,,,,,,,,,,,,,," 	1,660,957 "," 	107,377 ", 	201 ,12
V-04171,1161935,TSXV,Tribeca Resources Corporation,TRBC," 	19,973,252 "," 	97,430,499 ",Mining,,BC,Canada,RTO,20221102,,OTCQB,,,,,,,,,,,,,," 	14,437,641 "," 	3,142,564 "," 	1,796 ",12
V-04384,1180485,TSXV,Trident Resources Corp.,ROCK," 	72,049,987 "," 	32,601,804 ",Mining,,BC,Canada,RTO from NEX,20070615,,OTCQB,,,,,,,,,,,,,," 	30,018,773 "," 	23,180,236 "," 	15,904 ",12
V-01223,1097884,TSXV,Trifecta Gold Ltd.,TG," 	9,301,836 "," 	47,701,721 ",Mining,,BC,Canada,Other,20170615,,OTCQB,,,,,,,,,,,,,," 	28,339,252 "," 	10,340,430 "," 	6,544 ",12
V-03771,1134376,TSXV,Trigon Metals Inc.,TM," 	20,816,051 "," 	54,779,081 ",Mining,,ON,Canada,,,,,,,,,,,,,,,,,," 	16,214,293 "," 	4,692,525 "," 	4,181 ",12
V-00378,30748,TSXV,Trinity One Metals Ltd.,TOM," 	2,665,010 "," 	33,312,619 ",Mining,,Mongolia,Asia,QT from NEX,20170425,,,Y,,,,Mongolia,,,,,,,,," 	1,162,887 "," 	86,682 ", 	164 ,12
V-03827,1135692,TSXV,Tristar Gold Inc.,TSG," 	72,172,248 "," 	352,059,748 ",Mining,,TX,USA,,20100721,,OTCQB,,,,Houston,,,,,,,,,," 	36,245,885 "," 	6,398,733 "," 	3,871 ",12
V-02206,1023825,TSXV,Triumph Gold Corp.,TIG," 	40,598,388 "," 	59,703,512 ",Mining,,BC,Canada,Other,20060907,,,,,,,,,,,,,,,," 	33,206,756 "," 	11,236,381 "," 	10,595 ",12
V-00992,1055264,TSXV,Troubadour Resources Inc.,TR," 	1,401,371 "," 	70,068,574 ",Mining,,BC,Canada,Other,20180611,,OTCQB,,,,,,,,,,,,,," 	45,431,310 "," 	1,375,977 "," 	1,324 ",12
V-01147,17561,TSXV,TRU Precious Metals Corp.,TRU," 	8,221,091 "," 	164,421,818 ",Mining,,NB,Canada,COB,20180411,,OTCQB,,,,,,,,,,,,,," 	33,310,878 "," 	954,994 "," 	1,423 ",12
V-02607,1114355,TSXV,Tsodilo Resources Limited,TSD," 	6,867,800 "," 	57,231,666 ",Mining,,ON,Canada,,,,OTCQB,,,,,,,,,,,,,," 	3,848,871 "," 	494,283 ", 	613 ,12
V-01146,1004693,TSXV,Tudor Gold Corp.,TUD," 	357,694,692 "," 	406,471,241 ",Mining,,BC,Canada,QT from NEX,20160510,,,Y,Y,,,,,,,,,,,," 	127,380,935 "," 	99,469,672 "," 	55,935 ",12
V-04305,1177295,TSXV,Tuktu Resources Ltd.,TUK," 	9,294,724 "," 	265,563,548 ",Mining,,AB,Canada,,,,,,,,,,,,,,,,,," 	182,964,712 "," 	14,184,708 "," 	6,369 ",12
V-04758,1185112,TSXV,TVI Pacific Inc.,TVI," 	29,143,482 "," 	728,587,039 ",Mining,,AB,Canada,TSX Comedown,20160802,,,,,,,,,,,,,,,," 	70,825,087 "," 	1,419,391 "," 	1,548 ",12
V-04775,1185290,TSXV,Ucore Rare Metals Inc.,UCU," 	606,611,089 "," 	111,304,787 ",Mining,,BC,Canada,QT,20061010,,OTCQX,Y,Y,,,,,,,,,,,," 	121,038,815 "," 	557,783,075 "," 	281,215 ",12
V-01216,1056390,TSXV,Ultra Lithium Inc.,ULT," 	1,680,954 "," 	168,095,351 ",Mining,,BC,Canada,Other,20060321,,,,,,,,,,,,,,,," 	7,279,520 "," 	109,276 ", 	722 ,12
V-01732,19509,TSXV,Unigold Inc.,UGD," 	49,624,186 "," 	300,752,642 ",Mining,,ON,Canada,,20030211,,,,,,,,,,,,,,,," 	38,665,029 "," 	5,784,753 "," 	3,610 ",12
V-01558,1175655,TSXV,URZ3 Energy Corp.,URZ," 	17,298,450 "," 	50,877,795 ",Mining,,QC,Canada,QT,20070305,,OTCQB,Y,,,,,,,,,,,,," 	16,831,167 "," 	4,643,288 "," 	3,806 ",12
V-03129,1133635,TSXV,US Copper Corp.,USCU," 	25,472,089 "," 	154,376,294 ",Mining,,ON,Canada,QT,20090224,,OTCQB,Y,,,,,,,,,,,,," 	65,277,799 "," 	6,484,279 "," 	5,569 ",12
V-02404,1109937,TSXV,Usha Resources Ltd.,USHA," 	4,599,079 "," 	91,981,586 ",Mining,,BC,Canada,QT,20191211,,OTCQB,Y,,,,,,,,,,,,," 	29,735,658 "," 	1,098,001 "," 	1,062 ",12
V-02715,1105900,TSXV,Val-D'Or Mining Corporation,VZZ," 	11,716,459 "," 	106,513,263 ",Mining,,QC,Canada,Other,20110715,,,,,,,,,,,,,,,," 	5,114,716 "," 	350,988 ", 	627 ,12
V-04033,1156380,TSXV,Valhalla Metals Inc.,VMXX," 	19,775,750 "," 	37,312,736 ",Mining,,BC,Canada,RTO,20220928,,OTCQB,Y,,,,,,,,,,,,," 	5,516,717 "," 	2,647,296 "," 	2,370 ",12
V-04627,1183330,TSXV,Valkea Resources Corp.,OZ," 	18,486,198 "," 	48,647,889 ",Mining,,BC,Canada,Other,20220106,,OTCQB,,,,,,,,,,,,,," 	17,454,456 "," 	6,968,044 "," 	4,620 ",12
V-04489,1181876,TSXV,ValOre Metals Corp.,VO," 	26,770,177 "," 	254,954,066 ",Mining,,BC,Canada,Other,20080707,,OTCQB,,,,,,,,,,,,,," 	131,109,636 "," 	13,031,495 "," 	8,790 ",12
V-04594,1183285,TSXV,VanadiumCorp Resource Inc.,VRB," 	3,535,178 "," 	19,639,879 ",Mining,,BC,Canada,,,,,,,,,,,,,,,,,," 	13,978,317 "," 	2,548,554 "," 	1,977 ",12
V-01076,1024193,TSXV,Vantex Resources Ltd.,VAX," 	288,554 "," 	4,809,231 ",Mining,,BC,Canada,,,,,,,,,,,,,,,,,," 	291,183 "," 	17,060 ", 	98 ,12
V-02658,1114295,TSXV,Vatic Ventures Corp.,VCV," 	827,028 "," 	41,351,394 ",Mining,Agriculture,BC,Canada,QT from NEX,20110127,,,Y,,,,,,,,,,,,," 	2,083,533 "," 	69,864 ", 	87 ,4
V-04899,1184935,TSXV,Vault Strategic Mining Corp.,KNOX," 	1,261,666 "," 	9,345,675 ",Mining,,BC,Canada,QT from NEX,20140421,,,Y,,,,,,,,,,,,," 	1,617,372 "," 	207,548 ", 	330 ,10
V-02984,1118003,TSXV,Velocity Minerals Ltd.,VLC," 	36,815,914 "," 	204,532,857 ",Mining,,BC,Canada,TSX Comedown,20121106,,OTCQB,,,,,,,,,,,,,," 	9,389,695 "," 	1,641,561 ", 	472 ,12
V-04622,1183317,TSXV,Velox Energy Materials Inc.,VLX," 	2,678,888 "," 	89,296,272 ",Mining,,ON,Canada,,,,,,,,,,,,,,,,,," 	4,482,730 "," 	175,709 ", 	357 ,12
V-04507,1180885,TSXV,Vendetta Mining Corp.,VTT," 	3,626,891 "," 	362,689,057 ",Mining,,BC,Canada,IPO,20101018,,,,,,,,,,,,,,,," 	55,818,438 "," 	474,515 ", 	862 ,12
V-02705,1116713,TSXV,Vertical Exploration Inc.,VERT," 	6,116,162 "," 	152,904,053 ",Mining,Agriculture,BC,Canada,IPO,20071126,,,,,,,,,,,,,,,," 	22,594,714 "," 	1,133,977 "," 	1,181 ",12
V-02027,1049952,TSXV,Vinland Lithium Inc.,VLD," 	5,527,639 "," 	10,050,252 ",Mining,,BC,Canada,Other,20250523,,,,,,,,,,,,,,,," 	1,520,487 "," 	908,991 "," 	1,182 ",8
V-00016,29623,TSXV,Vior Gold Corporation Inc.,VIO," 	49,872,738 "," 	415,606,146 ",Mining,,QC,Canada,,,,OTCQB,,,,,,,,,,,,,," 	67,104,144 "," 	9,139,642 "," 	13,388 ",12
V-02124,41452,TSXV,Viscount Mining Corp.,VML," 	110,570,673 "," 	112,827,217 ",Mining,,BC,Canada,QT,20130725,,,Y,,,,,,,,,,,,," 	19,921,252 "," 	12,236,725 "," 	7,414 ",12
V-5064,1188805,TSXV,Visible Gold Mines Inc.,VGD," 	5,015,947 "," 	37,155,164 ",Mining,,QC,Canada,Other,20070717,,,,,,,,,,,,,,,," 	6,926,559 "," 	708,647 ", 	782 ,12
V-01088,12471,TSXV,Vision Lithium inc.,VLI," 	4,395,287 "," 	293,019,151 ",Mining,,QC,Canada,,,,OTCQB,,,,,,,,,,,,,," 	44,087,601 "," 	940,048 "," 	2,410 ",12
V-02288,1105156,TSXV,Visionary Copper and Gold Mines Inc.,VCG," 	14,822,634 "," 	22,458,537 ",Mining,,BC,Canada,Other,20110714,,OTCQX,,,,,,,,,,,,,," 	3,470,508 "," 	2,580,079 "," 	2,284 ",12
V-04506,1181701,TSXV,Visionary Metals Corp.,VIZ," 	10,540,721 "," 	175,678,690 ",Mining,,BC,Canada,,,,,Y,,,,,,,,,,,,," 	11,809,102 "," 	549,617 ", 	691 ,11
V-02217,38326,TSXV,Viva Gold Corp.,VAU," 	27,651,011 "," 	145,531,635 ",Mining,,BC,Canada,QT from NEX,20171108,,OTCQB,Y,,,,,,,,,,,,," 	39,305,730 "," 	5,251,196 "," 	5,555 ",12
V-05011,1187230,TSXV,Vizsla Copper Corp.,VCU," 	119,870,453 "," 	88,140,039 ",Mining,,BC,Canada,Other,20210917,,OTCQB,,,,,,,,,,,,,," 	167,346,752 "," 	25,388,000 "," 	16,114 ",12
V-01099,1059092,TSXV,Vizsla Royalties Corp.,VROY," 	296,086,239 "," 	67,292,327 ",Mining,,BC,Canada,Other,20240826,,,,Y,,,,,,,,,,,," 	25,052,549 "," 	71,566,761 "," 	28,055 ",12
V-00655,29225,TSXV,Volcanic Gold Mines Inc.,VG," 	6,536,150 "," 	59,419,542 ",Mining,,BC,Canada,QT,20100201,,,Y,,,,,,,,,,,,," 	9,426,334 "," 	1,223,465 "," 	1,359 ",12
V-01047,41266,TSXV,Volt Carbon Technologies Inc.,VCT," 	8,353,367 "," 	278,445,556 ",Mining,,AB,Canada,,,,OTCQB,,,,,,,,,,,,,," 	56,869,265 "," 	1,440,878 "," 	2,147 ",12
V-05005,1187920,TSXV,Vortex Metals Inc.,VMS," 	3,992,841 "," 	114,081,168 ",Mining,,BC,Canada,QT,20220510,,,Y,,,,,,,,,,,,," 	34,430,268 "," 	1,442,772 "," 	1,539 ",12
V-01028,22572,TSXV,Voyageur Pharmaceuticals Ltd.,VM," 	30,359,786 "," 	178,586,978 ",Mining,,AB,Canada,QT from NEX,20170307,,,Y,,,,,,,,,,,,," 	40,589,443 "," 	7,407,079 "," 	5,443 ",12
V-01386,24564,TSXV,VR Resources Ltd.,VRR," 	2,001,652 "," 	133,443,467 ",Mining,,BC,Canada,QT,20170323,,OTCQB,Y,,,,,,,,,,,,," 	65,470,548 "," 	1,674,086 "," 	1,875 ",12
V-04870,1184505,TSXV,Vulcan Minerals Inc.,VUL," 	23,275,668 "," 	129,309,265 ",Mining,,NL,Canada,,,,,,,,,,,,,,,,,," 	15,485,778 "," 	2,179,511 "," 	2,105 ",12
V-03957,1062173,TSXV,VVC Exploration Corp.,VVC," 	8,590,227 "," 	572,681,815 ",Mining,,ON,Canada,,20011001,,,,,,,,,,,,,,,," 	9,490,913 "," 	187,701 ", 	401 ,12
V-03816,1141630,TSXV,Walker Lane Resources Ltd.,WLR," 	2,542,481 "," 	19,557,544 ",Mining,,BC,Canada,,,,,,,,,,,,,,,,,," 	11,616,791 "," 	1,205,568 "," 	1,938 ",12
V-01120,1098699,TSXV,Walker River Resources Corp.,WRR," 	13,952,367 "," 	58,134,862 ",Mining,,BC,Canada,IPO,20120629,,,,,,,,,,,,,,,," 	8,973,180 "," 	1,998,435 "," 	1,759 ",12
V-02310,1106967,TSXV,Waseco Resources Inc.,WRI," 	833,628 "," 	41,681,390 ",Mining,,ON,Canada,,,,,,,,,,,,,,,,,," 	469,322 "," 	8,691 ", 	27 ,6
V-01127,1062275,TSXV,Wealth Minerals Ltd.,WML," 	25,365,423 "," 	362,363,191 ",Mining,,BC,Canada,,,SSEV,OTCQB,,,,,,,,,,,,,," 	34,598,063 "," 	3,006,102 "," 	4,655 ",12
V-04871,1186170,TSXV,Wescan Goldfields Inc.,WGF," 	9,324,756 "," 	53,284,320 ",Mining,,SK,Canada,,,,,,,,,,,,,,,,,," 	9,050,452 "," 	287,056 ", 	274 ,12
V-03802,1145095,TSXV,West High Yield (W.H.Y.) Resources Ltd.,WHY," 	50,013,317 "," 	116,310,039 ",Mining,,AB,Canada,Other,20060801,,,,,,,,,,,,,,,," 	24,184,662 "," 	9,264,770 "," 	6,887 ",12
V-04974,1187365,TSXV,West Point Gold Corp.,WPG," 	150,983,952 "," 	108,621,548 ",Mining,,BC,Canada,Other,20051219,,OTCQB,,,,,,,,,,,,,," 	66,409,548 "," 	37,541,216 "," 	17,065 ",12
V-04696,1184231,TSXV,West Red Lake Gold Mines Ltd.,WRLG," 	412,577,229 "," 	396,708,874 ",Mining,,BC,Canada,,,,OTCQB,,Y,,,,,,,,,,,," 	439,638,994 "," 	336,093,586 "," 	118,625 ",12
V-01754,1062262,TSXV,West Vault Mining Inc.,WVM," 	146,727,757 "," 	57,995,161 ",Mining,,BC,Canada,QT,20100531,,OTCQX,Y,Y,,,,,,,,,,,," 	2,606,046 "," 	4,113,814 "," 	2,439 ",12
V-04991,1187375,TSXV,Western Exploration Inc.,WEX," 	33,126,829 "," 	52,582,269 ",Mining,,NV,USA,RTO,20220119,,OTCQX,,,,Reno,,,,,,,,,," 	16,283,072 "," 	11,968,238 "," 	8,789 ",12
V-02515,1112263,TSXV,Western Gold Exploration Ltd.,WGLD," 	8,921,130 "," 	42,481,573 ",Mining,,Scotland,UK/Europe,QT,20201029,,,Y,,,,,,,,,,,,," 	1,871,522 "," 	231,095 ", 	264 ,12
V-02184,1003733,TSXV,Western Metallica Resources Corp.,WMS," 	506,172 "," 	8,436,199 ",Mining,,ON,Canada,QT,20220419,,,Y,,,,,,,,,,,,," 	24,504,958 "," 	641,497 ", 	715 ,12
V-01084,1084821,TSXV,Westhaven Gold Corp.,WHN," 	66,242,331 "," 	245,341,968 ",Mining,,BC,Canada,QT,20110720,,,Y,,,,,,,,,,,,," 	66,605,448 "," 	11,485,961 "," 	7,748 ",12
V-03725,1142290,TSXV,WestKam Gold Corp.,WKG," 	1,643,749 "," 	25,288,440 ",Mining,,BC,Canada,,,,,,,,,,,,,,,,,," 	1,254,604 "," 	93,768 ", 	242 ,12
V-04413,1180556,TSXV,White Gold Corp.,WGO," 	242,138,504 "," 	198,474,184 ",Mining,,BC,Canada,,,,OTCQX,,Y,,,,,,,,,,,," 	153,193,311 "," 	103,802,006 "," 	39,570 ",12
V-04721,1184670,TSXV,Whitemud Resources Inc.,WMK," 	4,763,682 "," 	34,026,300 ",Mining,,AB,Canada,Other,20070228,,,,,,,,,,,,,,,," 	3,505,725 "," 	422,166 ", 	510 ,12
V-00807,1062304,TSXV,Wildsky Resources Inc.,WSK," 	11,499,094 "," 	56,093,141 ",Mining,,BC,Canada,Other,20070425,,,,,,,,,,,,,,,," 	845,574 "," 	97,640 ", 	164 ,12
V-04872,1186055,TSXV,Winchester Equity Corporation,WEC," 	1,686,958 "," 	112,463,854 ",Mining,,ON,Canada,TSX Comedown,20210427,,OTCQB,,,,,,,,,,,,,," 	14,050,316 "," 	193,018 ", 	703 ,10
V-01872,1023965,TSXV,Winshear Gold Corp.,WINS," 	4,425,197 "," 	44,251,965 ",Mining,,BC,Canada,,,,,,,,,,,,,,,,,," 	13,549,787 "," 	1,216,690 "," 	1,128 ",12
V-04158,1166601,TSXV,Wolfden Resources Corporation,WLF," 	18,032,677 "," 	189,817,648 ",Mining,,ON,Canada,IPO,20121022,,,,,,,,,,,,,,,," 	35,392,030 "," 	2,864,503 "," 	1,582 ",12
V-01150,19485,TSXV,World Copper Ltd.,WCU," 	2,629,311 "," 	262,931,067 ",Mining,,BC,Canada,QT from NEX,20210126,,OTCQB,Y,,,,,,,,,,,,," 	106,064,251 "," 	4,039,004 "," 	3,782 ",12
V-00749,39153,TSXV,Xali Gold Corp.,XGC," 	17,332,352 "," 	157,566,840 ",Mining,,BC,Canada,TSX Comedown,20150727,,,,,,,,,,,,,,,," 	32,336,215 "," 	1,689,651 "," 	1,540 ",12
V-01809,37278,TSXV,XAU Resources Inc.,GIG," 	4,983,450 "," 	16,611,500 ",Mining,,ON,Canada,QT,20220627,,,Y,,,,,,,,,,,,," 	3,145,322 "," 	374,014 ", 	454 ,12
V-02988,1122256,TSXV,Ximen Mining Corp.,XIM," 	4,602,117 "," 	57,526,465 ",Mining,,BC,Canada,IPO,20071220,,,,,,,,,,,,,,,," 	9,518,144 "," 	894,535 "," 	1,010 ",12
V-5087,1188965,TSXV,Xplore Resources Corp.,XPLR," 	2,630,075 "," 	52,601,505 ",Mining,,ON,Canada,QT,20201008,,,Y,,,,,,,,,,,,," 	13,742,694 "," 	317,808 ", 	654 ,12
V-04239,1173135,TSXV,XXIX Metal Corp.,XXIX," 	41,423,746 "," 	306,842,564 ",Mining,,ON,Canada,Other,20180601,,OTCQB,,,,,,,,,,,,,," 	82,098,539 "," 	8,660,301 "," 	5,862 ",12
V-04116,1162145,TSXV,Zacatecas Silver Corp.,ZAC," 	32,364,464 "," 	208,802,991 ",Mining,,BC,Canada,Other,20210302,,,,,,,,,,,,,,,," 	83,552,019 "," 	7,176,619 "," 	7,054 ",12
V-5065,1188880,TSXV,ZEB Nickel Corp.,ZBNI," 	8,904,629 "," 	55,653,930 ",Mining,,BC,Canada,QT,20210811,,OTCQB,Y,,,,,,,,,,,,," 	724,620 "," 	76,376 ", 	148 ,11
V-02708,1115735,TSXV,Zentek Ltd.,ZEN," 	95,555,391 "," 	107,365,608 ",Mining,,ON,Canada,IPO,20101223,NasdaqCM,,,,,,,,,,,,,,," 	12,044,665 "," 	17,300,803 "," 	17,729 ",12
V-01257,32714,TSXV,Zephyr Minerals Ltd.,ZFR," 	3,911,039 "," 	86,911,985 ",Mining,,NS,Canada,QT,20111104,,,Y,,,,,,,,,,,,," 	7,151,621 "," 	327,254 ", 	412 ,12
V-03088,1124165,TSXV,Zincx Resources Corp.,ZNX," 	14,092,211 "," 	187,896,141 ",Mining,,BC,Canada,,,,,,,,,,,,,,,,,," 	7,022,075 "," 	654,369 ", 	701 ,12
V-03887,1149770,TSXV,Zodiac Gold Inc.,ZAU," 	28,129,021 "," 	125,017,872 ",Mining,,BC,Canada,Other,20240129,,,,,,,,,,,,,,,," 	31,351,159 "," 	4,218,163 "," 	3,551 ",12
V-01396,1074410,TSXV,Zonte Metals Inc.,ZON," 	8,090,411 "," 	80,904,105 ",Mining,,ON,Canada,QT,20101018,,,Y,,,,,,,,,,,,," 	16,122,696 "," 	1,261,720 "," 	1,174 ",12
V-03876,1149430,,,,,,,,,,,,,,,,,,,,,,,,,,,,,,
V-01204,38513,,,,,,,,,,,,,,,,,,,,,,,,,,,,,,
V-02395,1101079,,,,,,,,,,,,,,,,,,,,,,,,,,,,,,
V-03773,1146400,,,,,,,,,,,,,,,,,,,,,,,,,,,,,,
V-02863,1118681,,,,,,,,,,,,,,,,,,,,,,,,,,,,,,
V-03831,1145850,,,,,,,,,,,,,,,,,,,,,,,,,,,,,,
V-00995,32138,,,,,,,,,,,,,,,,,,,,,,,,,,,,,,
V-03859,1146290,,,,,,,,,,,,,,,,,,,,,,,,,,,,,,
V-01231,1063108,,,,,,,,,,,,,,,,,,,,,,,,,,,,,,
V-01175,1023635,,,,,,,,,,,,,,,,,,,,,,,,,,,,,,
V-04701,1184640,,,,,,,,,,,,,,,,,,,,,,,,,,,,,,
V-01259,1074399,,,,,,,,,,,,,,,,,,,,,,,,,,,,,,
V-04723,1184805,,,,,,,,,,,,,,,,,,,,,,,,,,,,,,
V-04609,1183045,,,,,,,,,,,,,,,,,,,,,,,,,,,,,,
V-01269,18225,,,,,,,,,,,,,,,,,,,,,,,,,,,,,,
V-04409,1179915,,,,,,,,,,,,,,,,,,,,,,,,,,,,,,
V-03775,1141470,,,,,,,,,,,,,,,,,,,,,,,,,,,,,,
V-02627,1115907,,,,,,,,,,,,,,,,,,,,,,,,,,,,,,
V-00617,42136,,,,,,,,,,,,,,,,,,,,,,,,,,,,,,
V-00632,1099221,,,,,,,,,,,,,,,,,,,,,,,,,,,,,,
V-02841,1114745,,,,,,,,,,,,,,,,,,,,,,,,,,,,,,
V-02479,1112078,,,,,,,,,,,,,,,,,,,,,,,,,,,,,,
V-02718,1113692,,,,,,,,,,,,,,,,,,,,,,,,,,,,,,
V-04291,1176010,,,,,,,,,,,,,,,,,,,,,,,,,,,,,,
V-02465,1109122,,,,,,,,,,,,,,,,,,,,,,,,,,,,,,
V-03086,1122915,,,,,,,,,,,,,,,,,,,,,,,,,,,,,,
V-04343,1178470,,,,,,,,,,,,,,,,,,,,,,,,,,,,,,
V-02340,1105685,,,,,,,,,,,,,,,,,,,,,,,,,,,,,,
V-04788,1185445,,,,,,,,,,,,,,,,,,,,,,,,,,,,,,
V-03664,1108683,,,,,,,,,,,,,,,,,,,,,,,,,,,,,,
V-02888,1118204,,,,,,,,,,,,,,,,,,,,,,,,,,,,,,
V-01296,1099872,,,,,,,,,,,,,,,,,,,,,,,,,,,,,,
V-05028,1188415,,,,,,,,,,,,,,,,,,,,,,,,,,,,,,
V-02891,1118519,,,,,,,,,,,,,,,,,,,,,,,,,,,,,,
V-05016,1187145,,,,,,,,,,,,,,,,,,,,,,,,,,,,,,
V-01455,1092234,,,,,,,,,,,,,,,,,,,,,,,,,,,,,,
V-00443,1073517,,,,,,,,,,,,,,,,,,,,,,,,,,,,,,
V-03729,1118527,,,,,,,,,,,,,,,,,,,,,,,,,,,,,,
V-01301,1023346,,,,,,,,,,,,,,,,,,,,,,,,,,,,,,
V-04718,1184545,,,,,,,,,,,,,,,,,,,,,,,,,,,,,,
V-04637,1183745,,,,,,,,,,,,,,,,,,,,,,,,,,,,,,
V-00228,1088969,,,,,,,,,,,,,,,,,,,,,,,,,,,,,,
V-04785,1185380,,,,,,,,,,,,,,,,,,,,,,,,,,,,,,
V-01309,32494,,,,,,,,,,,,,,,,,,,,,,,,,,,,,,
V-03869,1151510,,,,,,,,,,,,,,,,,,,,,,,,,,,,,,
V-04419,1180810,,,,,,,,,,,,,,,,,,,,,,,,,,,,,,
V-04356,1179336,,,,,,,,,,,,,,,,,,,,,,,,,,,,,,
V-05017,1188140,,,,,,,,,,,,,,,,,,,,,,,,,,,,,,
V-04902,1185985,,,,,,,,,,,,,,,,,,,,,,,,,,,,,,
V-01692,1067356,,,,,,,,,,,,,,,,,,,,,,,,,,,,,,
V-5037,1187655,,,,,,,,,,,,,,,,,,,,,,,,,,,,,,
V-02901,1117697,,,,,,,,,,,,,,,,,,,,,,,,,,,,,,
V-03955,1152445,,,,,,,,,,,,,,,,,,,,,,,,,,,,,,
V-04177,1013089,,,,,,,,,,,,,,,,,,,,,,,,,,,,,,
V-03718,1136860,,,,,,,,,,,,,,,,,,,,,,,,,,,,,,
V-04399,1180260,,,,,,,,,,,,,,,,,,,,,,,,,,,,,,
V-04656,1184000,,,,,,,,,,,,,,,,,,,,,,,,,,,,,,
V-01172,24363,,,,,,,,,,,,,,,,,,,,,,,,,,,,,,
V-03145,1132800,,,,,,,,,,,,,,,,,,,,,,,,,,,,,,
V-01376,24205,,,,,,,,,,,,,,,,,,,,,,,,,,,,,,
TRE0011,1188290,,,,,,,,,,,,,,,,,,,,,,,,,,,,,,
V-03777,1137615,,,,,,,,,,,,,,,,,,,,,,,,,,,,,,
V-03037,1126305,,,,,,,,,,,,,,,,,,,,,,,,,,,,,,
V-04914,1186490,,,,,,,,,,,,,,,,,,,,,,,,,,,,,,
V-04608,1183495,,,,,,,,,,,,,,,,,,,,,,,,,,,,,,
WEL0006,1188555,,,,,,,,,,,,,,,,,,,,,,,,,,,,,,
V-02610,1114055,,,,,,,,,,,,,,,,,,,,,,,,,,,,,,
V-00933,25043,,,,,,,,,,,,,,,,,,,,,,,,,,,,,,
V-04223,1162567,,,,,,,,,,,,,,,,,,,,,,,,,,,,,,
V-04287,1176795,,,,,,,,,,,,,,,,,,,,,,,,,,,,,,
V-04443,1180795,,,,,,,,,,,,,,,,,,,,,,,,,,,,,,
V-04720,1184570,,,,,,,,,,,,,,,,,,,,,,,,,,,,,,
V-02534,1104415,,,,,,,,,,,,,,,,,,,,,,,,,,,,,,
V-03054,1126240,,,,,,,,,,,,,,,,,,,,,,,,,,,,,,
V-03821,1148110,,,,,,,,,,,,,,,,,,,,,,,,,,,,,,
V-01341,1102201,,,,,,,,,,,,,,,,,,,,,,,,,,,,,,
V-01400,1058426,,,,,,,,,,,,,,,,,,,,,,,,,,,,,,
V-02519,1113614,,,,,,,,,,,,,,,,,,,,,,,,,,,,,,
V-03920,1152255,,,,,,,,,,,,,,,,,,,,,,,,,,,,,,
V-04855,1186180,,,,,,,,,,,,,,,,,,,,,,,,,,,,,,
V-03762,1139490,,,,,,,,,,,,,,,,,,,,,,,,,,,,,,
V-01411,26798,,,,,,,,,,,,,,,,,,,,,,,,,,,,,,
V-01413,1023400,,,,,,,,,,,,,,,,,,,,,,,,,,,,,,
V-03877,1151651,,,,,,,,,,,,,,,,,,,,,,,,,,,,,,
V-01768,36920,,,,,,,,,,,,,,,,,,,,,,,,,,,,,,
V-03694,1139740,,,,,,,,,,,,,,,,,,,,,,,,,,,,,,
V-04881,1186495,,,,,,,,,,,,,,,,,,,,,,,,,,,,,,
V-02790,1115906,,,,,,,,,,,,,,,,,,,,,,,,,,,,,,
V-01479,41170,,,,,,,,,,,,,,,,,,,,,,,,,,,,,,
V-00142,1089851,,,,,,,,,,,,,,,,,,,,,,,,,,,,,,
V-00422,1061421,,,,,,,,,,,,,,,,,,,,,,,,,,,,,,
V-03779,1147285,,,,,,,,,,,,,,,,,,,,,,,,,,,,,,
V-00970,17316,,,,,,,,,,,,,,,,,,,,,,,,,,,,,,
V-05012,1187855,,,,,,,,,,,,,,,,,,,,,,,,,,,,,,
V-04972,1187385,,,,,,,,,,,,,,,,,,,,,,,,,,,,,,
V-03031,1125460,,,,,,,,,,,,,,,,,,,,,,,,,,,,,,
V-03731,1076399,,,,,,,,,,,,,,,,,,,,,,,,,,,,,,
V-04329,1176100,,,,,,,,,,,,,,,,,,,,,,,,,,,,,,
V-01389,17582,,,,,,,,,,,,,,,,,,,,,,,,,,,,,,
V-05009,1187975,,,,,,,,,,,,,,,,,,,,,,,,,,,,,,
V-02767,1115206,,,,,,,,,,,,,,,,,,,,,,,,,,,,,,
V-01457,1021709,,,,,,,,,,,,,,,,,,,,,,,,,,,,,,
V-02769,1114877,,,,,,,,,,,,,,,,,,,,,,,,,,,,,,
V-03712,1144950,,,,,,,,,,,,,,,,,,,,,,,,,,,,,,
ORO0008,1185336,,,,,,,,,,,,,,,,,,,,,,,,,,,,,,
V-02643,1110106,,,,,,,,,,,,,,,,,,,,,,,,,,,,,,
V-04499,1181540,,,,,,,,,,,,,,,,,,,,,,,,,,,,,,
V-00463,35031,,,,,,,,,,,,,,,,,,,,,,,,,,,,,,
V-01475,14617,,,,,,,,,,,,,,,,,,,,,,,,,,,,,,
V-04420,1179546,,,,,,,,,,,,,,,,,,,,,,,,,,,,,,
V-01480,17407,,,,,,,,,,,,,,,,,,,,,,,,,,,,,,
V-01483,18293,,,,,,,,,,,,,,,,,,,,,,,,,,,,,,
V-04270,1175810,,,,,,,,,,,,,,,,,,,,,,,,,,,,,,
V-02429,1109438,,,,,,,,,,,,,,,,,,,,,,,,,,,,,,
V-02401,1109593,,,,,,,,,,,,,,,,,,,,,,,,,,,,,,
V-01502,1087567,,,,,,,,,,,,,,,,,,,,,,,,,,,,,,
V-00172,22277,,,,,,,,,,,,,,,,,,,,,,,,,,,,,,
V-03803,1146680,,,,,,,,,,,,,,,,,,,,,,,,,,,,,,
V-03761,1140460,,,,,,,,,,,,,,,,,,,,,,,,,,,,,,
V-02889,1108787,,,,,,,,,,,,,,,,,,,,,,,,,,,,,,
V-04097,1160350,,,,,,,,,,,,,,,,,,,,,,,,,,,,,,
V-5072,1188915,,,,,,,,,,,,,,,,,,,,,,,,,,,,,,
V-01814,822289,,,,,,,,,,,,,,,,,,,,,,,,,,,,,,
V-02903,1118330,,,,,,,,,,,,,,,,,,,,,,,,,,,,,,
V-5076,1188430,,,,,,,,,,,,,,,,,,,,,,,,,,,,,,
V-00581,1005786,,,,,,,,,,,,,,,,,,,,,,,,,,,,,,
V-02518,1112789,,,,,,,,,,,,,,,,,,,,,,,,,,,,,,
V-02785,1112886,,,,,,,,,,,,,,,,,,,,,,,,,,,,,,
V-02430,1109135,,,,,,,,,,,,,,,,,,,,,,,,,,,,,,
V-03862,1142080,,,,,,,,,,,,,,,,,,,,,,,,,,,,,,
V-01567,1092371,,,,,,,,,,,,,,,,,,,,,,,,,,,,,,
V-01568,30132,,,,,,,,,,,,,,,,,,,,,,,,,,,,,,
V-04232,1170845,,,,,,,,,,,,,,,,,,,,,,,,,,,,,,
V-03154,1133845,,,,,,,,,,,,,,,,,,,,,,,,,,,,,,
V-01012,33630,,,,,,,,,,,,,,,,,,,,,,,,,,,,,,
V-02549,1112214,,,,,,,,,,,,,,,,,,,,,,,,,,,,,,
V-04998,1186636,,,,,,,,,,,,,,,,,,,,,,,,,,,,,,
V-01783,1023916,,,,,,,,,,,,,,,,,,,,,,,,,,,,,,
V-04011,1151635,,,,,,,,,,,,,,,,,,,,,,,,,,,,,,
V-04993,1187605,,,,,,,,,,,,,,,,,,,,,,,,,,,,,,
V-04776,1185285,,,,,,,,,,,,,,,,,,,,,,,,,,,,,,
V-01600,34360,,,,,,,,,,,,,,,,,,,,,,,,,,,,,,
V-02692,1115632,,,,,,,,,,,,,,,,,,,,,,,,,,,,,,
V-02762,1116553,,,,,,,,,,,,,,,,,,,,,,,,,,,,,,
V-04087,1155086,,,,,,,,,,,,,,,,,,,,,,,,,,,,,,
V-01565,1044234,,,,,,,,,,,,,,,,,,,,,,,,,,,,,,
V-01611,1060173,,,,,,,,,,,,,,,,,,,,,,,,,,,,,,
V-00180,1020424,,,,,,,,,,,,,,,,,,,,,,,,,,,,,,
V-01613,1094712,,,,,,,,,,,,,,,,,,,,,,,,,,,,,,
V-04887,1186050,,,,,,,,,,,,,,,,,,,,,,,,,,,,,,
V-03655,1138406,,,,,,,,,,,,,,,,,,,,,,,,,,,,,,
V-02845,1118018,,,,,,,,,,,,,,,,,,,,,,,,,,,,,,
V-01616,1023132,,,,,,,,,,,,,,,,,,,,,,,,,,,,,,
V-03734,1139030,,,,,,,,,,,,,,,,,,,,,,,,,,,,,,
V-02006,38823,,,,,,,,,,,,,,,,,,,,,,,,,,,,,,
V-02991,1117467,,,,,,,,,,,,,,,,,,,,,,,,,,,,,,
V-01620,1063785,,,,,,,,,,,,,,,,,,,,,,,,,,,,,,
V-04915,1186185,,,,,,,,,,,,,,,,,,,,,,,,,,,,,,
V-03922,1152440,,,,,,,,,,,,,,,,,,,,,,,,,,,,,,
V-01644,1074424,,,,,,,,,,,,,,,,,,,,,,,,,,,,,,
V-01645,1003178,,,,,,,,,,,,,,,,,,,,,,,,,,,,,,
V-00609,29318,,,,,,,,,,,,,,,,,,,,,,,,,,,,,,
V-04710,1184465,,,,,,,,,,,,,,,,,,,,,,,,,,,,,,
V-00429,1139185,,,,,,,,,,,,,,,,,,,,,,,,,,,,,,
V-03152,1119112,,,,,,,,,,,,,,,,,,,,,,,,,,,,,,
V-03938,1151186,,,,,,,,,,,,,,,,,,,,,,,,,,,,,,
V-02089,1066050,,,,,,,,,,,,,,,,,,,,,,,,,,,,,,
V-04496,1181795,,,,,,,,,,,,,,,,,,,,,,,,,,,,,,
V-04876,1184305,,,,,,,,,,,,,,,,,,,,,,,,,,,,,,
V-03699,1142685,,,,,,,,,,,,,,,,,,,,,,,,,,,,,,
V-04979,1187250,,,,,,,,,,,,,,,,,,,,,,,,,,,,,,
V-02850,1117880,,,,,,,,,,,,,,,,,,,,,,,,,,,,,,
V-02216,30787,,,,,,,,,,,,,,,,,,,,,,,,,,,,,,
V-03026,1024444,,,,,,,,,,,,,,,,,,,,,,,,,,,,,,
V-02996,1121818,,,,,,,,,,,,,,,,,,,,,,,,,,,,,,
V-04752,1184660,,,,,,,,,,,,,,,,,,,,,,,,,,,,,,
V-02383,1107723,,,,,,,,,,,,,,,,,,,,,,,,,,,,,,
V-01687,1062180,,,,,,,,,,,,,,,,,,,,,,,,,,,,,,
V-04657,1183850,,,,,,,,,,,,,,,,,,,,,,,,,,,,,,
V-04412,1180613,,,,,,,,,,,,,,,,,,,,,,,,,,,,,,
V-04236,1173125,,,,,,,,,,,,,,,,,,,,,,,,,,,,,,
V-00649,1061548,,,,,,,,,,,,,,,,,,,,,,,,,,,,,,
V-5073,1188790,,,,,,,,,,,,,,,,,,,,,,,,,,,,,,
V-02572,1112973,,,,,,,,,,,,,,,,,,,,,,,,,,,,,,
V-01633,1023711,,,,,,,,,,,,,,,,,,,,,,,,,,,,,,
V-01701,1074427,,,,,,,,,,,,,,,,,,,,,,,,,,,,,,
V-01703,818794,,,,,,,,,,,,,,,,,,,,,,,,,,,,,,
V-00857,1023316,,,,,,,,,,,,,,,,,,,,,,,,,,,,,,
V-02809,1118271,,,,,,,,,,,,,,,,,,,,,,,,,,,,,,
V-03898,1148920,,,,,,,,,,,,,,,,,,,,,,,,,,,,,,
V-00287,22181,,,,,,,,,,,,,,,,,,,,,,,,,,,,,,
V-01714,1062224,,,,,,,,,,,,,,,,,,,,,,,,,,,,,,
V-01715,27307,,,,,,,,,,,,,,,,,,,,,,,,,,,,,,
V-04408,1180560,,,,,,,,,,,,,,,,,,,,,,,,,,,,,,
V-03748,1143440,,,,,,,,,,,,,,,,,,,,,,,,,,,,,,
V-03846,1133150,,,,,,,,,,,,,,,,,,,,,,,,,,,,,,
V-05019,1188255,,,,,,,,,,,,,,,,,,,,,,,,,,,,,,
V-01378,1052749,,,,,,,,,,,,,,,,,,,,,,,,,,,,,,
V-01735,36356,,,,,,,,,,,,,,,,,,,,,,,,,,,,,,
V-05029,1188306,,,,,,,,,,,,,,,,,,,,,,,,,,,,,,
V-04951,1187035,,,,,,,,,,,,,,,,,,,,,,,,,,,,,,
V-04394,1180375,,,,,,,,,,,,,,,,,,,,,,,,,,,,,,
V-01097,27240,,,,,,,,,,,,,,,,,,,,,,,,,,,,,,
V-02447,1109331,,,,,,,,,,,,,,,,,,,,,,,,,,,,,,
V-04448,1181050,,,,,,,,,,,,,,,,,,,,,,,,,,,,,,
V-00796,1009773,,,,,,,,,,,,,,,,,,,,,,,,,,,,,,
V-03875,1146075,,,,,,,,,,,,,,,,,,,,,,,,,,,,,,
V-03900,1151090,,,,,,,,,,,,,,,,,,,,,,,,,,,,,,
V-04401,1180550,,,,,,,,,,,,,,,,,,,,,,,,,,,,,,
GOL0061,1188620,,,,,,,,,,,,,,,,,,,,,,,,,,,,,,
V-02529,1109449,,,,,,,,,,,,,,,,,,,,,,,,,,,,,,
V-03879,1149920,,,,,,,,,,,,,,,,,,,,,,,,,,,,,,
V-02525,1112242,,,,,,,,,,,,,,,,,,,,,,,,,,,,,,
V-03813,1127341,,,,,,,,,,,,,,,,,,,,,,,,,,,,,,
V-02482,1111045,,,,,,,,,,,,,,,,,,,,,,,,,,,,,,
V-03648,1132970,,,,,,,,,,,,,,,,,,,,,,,,,,,,,,
V-04987,1187382,,,,,,,,,,,,,,,,,,,,,,,,,,,,,,
V-04493,1181065,,,,,,,,,,,,,,,,,,,,,,,,,,,,,,
V-00895,16392,,,,,,,,,,,,,,,,,,,,,,,,,,,,,,
V-04725,1184430,,,,,,,,,,,,,,,,,,,,,,,,,,,,,,
V-03935,1152880,,,,,,,,,,,,,,,,,,,,,,,,,,,,,,
V-03901,1143120,,,,,,,,,,,,,,,,,,,,,,,,,,,,,,
V-04559,1182395,,,,,,,,,,,,,,,,,,,,,,,,,,,,,,
V-01292,32638,,,,,,,,,,,,,,,,,,,,,,,,,,,,,,
V-04853,1185910,,,,,,,,,,,,,,,,,,,,,,,,,,,,,,
V-02278,1105053,,,,,,,,,,,,,,,,,,,,,,,,,,,,,,
V-02753,1117441,,,,,,,,,,,,,,,,,,,,,,,,,,,,,,
V-04191,1168740,,,,,,,,,,,,,,,,,,,,,,,,,,,,,,
V-03847,1150286,,,,,,,,,,,,,,,,,,,,,,,,,,,,,,
V-01791,1023409,,,,,,,,,,,,,,,,,,,,,,,,,,,,,,
V-00834,21540,,,,,,,,,,,,,,,,,,,,,,,,,,,,,,
V-03695,1138690,,,,,,,,,,,,,,,,,,,,,,,,,,,,,,
V-00226,1099483,,,,,,,,,,,,,,,,,,,,,,,,,,,,,,
V-04371,1179295,,,,,,,,,,,,,,,,,,,,,,,,,,,,,,
V-02396,822281,,,,,,,,,,,,,,,,,,,,,,,,,,,,,,
V-03091,1127925,,,,,,,,,,,,,,,,,,,,,,,,,,,,,,
V-5034,1186960,,,,,,,,,,,,,,,,,,,,,,,,,,,,,,
V-04790,1185300,,,,,,,,,,,,,,,,,,,,,,,,,,,,,,
V-01796,1074432,,,,,,,,,,,,,,,,,,,,,,,,,,,,,,
V-05006,1187895,,,,,,,,,,,,,,,,,,,,,,,,,,,,,,
V-04058,1118651,,,,,,,,,,,,,,,,,,,,,,,,,,,,,,
V-02933,1118673,,,,,,,,,,,,,,,,,,,,,,,,,,,,,,
V-01801,16380,,,,,,,,,,,,,,,,,,,,,,,,,,,,,,
V-01803,1044236,,,,,,,,,,,,,,,,,,,,,,,,,,,,,,
V-00281,12154,,,,,,,,,,,,,,,,,,,,,,,,,,,,,,
V-04447,1181110,,,,,,,,,,,,,,,,,,,,,,,,,,,,,,
V-03692,1136330,,,,,,,,,,,,,,,,,,,,,,,,,,,,,,
V-00218,1062160,,,,,,,,,,,,,,,,,,,,,,,,,,,,,,
V-02536,1112583,,,,,,,,,,,,,,,,,,,,,,,,,,,,,,
V-04551,1182440,,,,,,,,,,,,,,,,,,,,,,,,,,,,,,
V-01821,13542,,,,,,,,,,,,,,,,,,,,,,,,,,,,,,
V-04444,1180975,,,,,,,,,,,,,,,,,,,,,,,,,,,,,,
V-01830,28662,,,,,,,,,,,,,,,,,,,,,,,,,,,,,,
SOU0021,1186815,,,,,,,,,,,,,,,,,,,,,,,,,,,,,,
V-03770,1142855,,,,,,,,,,,,,,,,,,,,,,,,,,,,,,
V-01800,1023428,,,,,,,,,,,,,,,,,,,,,,,,,,,,,,
V-01277,806707,,,,,,,,,,,,,,,,,,,,,,,,,,,,,,
V-01835,1062243,,,,,,,,,,,,,,,,,,,,,,,,,,,,,,
V-04703,1184555,,,,,,,,,,,,,,,,,,,,,,,,,,,,,,
V-04980,1187555,,,,,,,,,,,,,,,,,,,,,,,,,,,,,,
V-00203,14398,,,,,,,,,,,,,,,,,,,,,,,,,,,,,,
V-03801,1146725,,,,,,,,,,,,,,,,,,,,,,,,,,,,,,
V-04159,1164150,,,,,,,,,,,,,,,,,,,,,,,,,,,,,,
V-01512,1018160,,,,,,,,,,,,,,,,,,,,,,,,,,,,,,
V-04642,1182925,,,,,,,,,,,,,,,,,,,,,,,,,,,,,,
V-04698,1184385,,,,,,,,,,,,,,,,,,,,,,,,,,,,,,
V-01029,33712,,,,,,,,,,,,,,,,,,,,,,,,,,,,,,
V-01857,21346,,,,,,,,,,,,,,,,,,,,,,,,,,,,,,
V-01126,1095689,,,,,,,,,,,,,,,,,,,,,,,,,,,,,,
V-02358,1108531,,,,,,,,,,,,,,,,,,,,,,,,,,,,,,
V-03991,1152135,,,,,,,,,,,,,,,,,,,,,,,,,,,,,,
V-00469,42092,,,,,,,,,,,,,,,,,,,,,,,,,,,,,,
V-01876,818115,,,,,,,,,,,,,,,,,,,,,,,,,,,,,,
V-02057,1101789,,,,,,,,,,,,,,,,,,,,,,,,,,,,,,
V-03956,1151956,,,,,,,,,,,,,,,,,,,,,,,,,,,,,,
V-01228,1014103,,,,,,,,,,,,,,,,,,,,,,,,,,,,,,
V-01887,1057716,,,,,,,,,,,,,,,,,,,,,,,,,,,,,,
V-04568,1180976,,,,,,,,,,,,,,,,,,,,,,,,,,,,,,
V-04464,1181196,,,,,,,,,,,,,,,,,,,,,,,,,,,,,,
V-5081,1188955,,,,,,,,,,,,,,,,,,,,,,,,,,,,,,
V-04659,1183840,,,,,,,,,,,,,,,,,,,,,,,,,,,,,,
V-02701,1111413,,,,,,,,,,,,,,,,,,,,,,,,,,,,,,
V-01896,38397,,,,,,,,,,,,,,,,,,,,,,,,,,,,,,
V-00480,40740,,,,,,,,,,,,,,,,,,,,,,,,,,,,,,
V-00808,22614,,,,,,,,,,,,,,,,,,,,,,,,,,,,,,
V-00157,1023845,,,,,,,,,,,,,,,,,,,,,,,,,,,,,,
V-00054,12037,,,,,,,,,,,,,,,,,,,,,,,,,,,,,,
V-04981,1187525,,,,,,,,,,,,,,,,,,,,,,,,,,,,,,
V-02950,1119259,,,,,,,,,,,,,,,,,,,,,,,,,,,,,,
V-01930,1091209,,,,,,,,,,,,,,,,,,,,,,,,,,,,,,
V-04007,1153235,,,,,,,,,,,,,,,,,,,,,,,,,,,,,,
V-04490,1181705,,,,,,,,,,,,,,,,,,,,,,,,,,,,,,
V-01935,34839,,,,,,,,,,,,,,,,,,,,,,,,,,,,,,
V-04611,1183551,,,,,,,,,,,,,,,,,,,,,,,,,,,,,,
V-03685,1113437,,,,,,,,,,,,,,,,,,,,,,,,,,,,,,
V-02181,18275,,,,,,,,,,,,,,,,,,,,,,,,,,,,,,
V-01956,40289,,,,,,,,,,,,,,,,,,,,,,,,,,,,,,
V-02024,1088867,,,,,,,,,,,,,,,,,,,,,,,,,,,,,,
V-04078,1155905,,,,,,,,,,,,,,,,,,,,,,,,,,,,,,
V-01964,39347,,,,,,,,,,,,,,,,,,,,,,,,,,,,,,
V-00331,17006,,,,,,,,,,,,,,,,,,,,,,,,,,,,,,
V-03647,1132340,,,,,,,,,,,,,,,,,,,,,,,,,,,,,,
V-04965,1187480,,,,,,,,,,,,,,,,,,,,,,,,,,,,,,
V-03975,1155185,,,,,,,,,,,,,,,,,,,,,,,,,,,,,,
V-04755,1184730,,,,,,,,,,,,,,,,,,,,,,,,,,,,,,
V-04688,1184286,,,,,,,,,,,,,,,,,,,,,,,,,,,,,,
V-04739,1184920,,,,,,,,,,,,,,,,,,,,,,,,,,,,,,
V-04678,1184200,,,,,,,,,,,,,,,,,,,,,,,,,,,,,,
V-01973,18705,,,,,,,,,,,,,,,,,,,,,,,,,,,,,,
V-04650,1183690,,,,,,,,,,,,,,,,,,,,,,,,,,,,,,
V-01974,1057717,,,,,,,,,,,,,,,,,,,,,,,,,,,,,,
V-01912,39686,,,,,,,,,,,,,,,,,,,,,,,,,,,,,,
V-02669,1108570,,,,,,,,,,,,,,,,,,,,,,,,,,,,,,
V-03788,1147880,,,,,,,,,,,,,,,,,,,,,,,,,,,,,,
V-04799,1184960,,,,,,,,,,,,,,,,,,,,,,,,,,,,,,
V-01824,20215,,,,,,,,,,,,,,,,,,,,,,,,,,,,,,
V-04615,1182150,,,,,,,,,,,,,,,,,,,,,,,,,,,,,,
V-00278,1063208,,,,,,,,,,,,,,,,,,,,,,,,,,,,,,
V-01991,752876,,,,,,,,,,,,,,,,,,,,,,,,,,,,,,
V-00027,27552,,,,,,,,,,,,,,,,,,,,,,,,,,,,,,
V-03741,1133295,,,,,,,,,,,,,,,,,,,,,,,,,,,,,,
V-03850,1144986,,,,,,,,,,,,,,,,,,,,,,,,,,,,,,
V-02004,38078,,,,,,,,,,,,,,,,,,,,,,,,,,,,,,
V-00704,30052,,,,,,,,,,,,,,,,,,,,,,,,,,,,,,
V-00266,27371,,,,,,,,,,,,,,,,,,,,,,,,,,,,,,
V-04351,1178845,,,,,,,,,,,,,,,,,,,,,,,,,,,,,,
V-01497,1023157,,,,,,,,,,,,,,,,,,,,,,,,,,,,,,
V-04134,1162870,,,,,,,,,,,,,,,,,,,,,,,,,,,,,,
V-03149,1138245,,,,,,,,,,,,,,,,,,,,,,,,,,,,,,
V-02367,1108201,,,,,,,,,,,,,,,,,,,,,,,,,,,,,,
V-04463,1180475,,,,,,,,,,,,,,,,,,,,,,,,,,,,,,
V-02019,1023293,,,,,,,,,,,,,,,,,,,,,,,,,,,,,,
V-02026,1056529,,,,,,,,,,,,,,,,,,,,,,,,,,,,,,
V-03156,1134680,,,,,,,,,,,,,,,,,,,,,,,,,,,,,,
V-01041,1023430,,,,,,,,,,,,,,,,,,,,,,,,,,,,,,
V-04310,1023816,,,,,,,,,,,,,,,,,,,,,,,,,,,,,,
V-02264,1105116,,,,,,,,,,,,,,,,,,,,,,,,,,,,,,
V-02272,1105308,,,,,,,,,,,,,,,,,,,,,,,,,,,,,,
V-02042,1072601,,,,,,,,,,,,,,,,,,,,,,,,,,,,,,
V-02379,1108742,,,,,,,,,,,,,,,,,,,,,,,,,,,,,,
V-02673,1115100,,,,,,,,,,,,,,,,,,,,,,,,,,,,,,
V-04509,1181430,,,,,,,,,,,,,,,,,,,,,,,,,,,,,,
V-03822,1135691,,,,,,,,,,,,,,,,,,,,,,,,,,,,,,
V-03919,1148390,,,,,,,,,,,,,,,,,,,,,,,,,,,,,,
V-04836,1184580,,,,,,,,,,,,,,,,,,,,,,,,,,,,,,
V-02855,1118523,,,,,,,,,,,,,,,,,,,,,,,,,,,,,,
V-01423,23197,,,,,,,,,,,,,,,,,,,,,,,,,,,,,,
V-02083,39360,,,,,,,,,,,,,,,,,,,,,,,,,,,,,,
V-02826,1118178,,,,,,,,,,,,,,,,,,,,,,,,,,,,,,
V-03860,1148515,,,,,,,,,,,,,,,,,,,,,,,,,,,,,,
V-04079,1161501,,,,,,,,,,,,,,,,,,,,,,,,,,,,,,
V-00512,24104,,,,,,,,,,,,,,,,,,,,,,,,,,,,,,
V-03661,1135990,,,,,,,,,,,,,,,,,,,,,,,,,,,,,,
V-02662,1113853,,,,,,,,,,,,,,,,,,,,,,,,,,,,,,
V-5063,1188245,,,,,,,,,,,,,,,,,,,,,,,,,,,,,,
V-02107,1074443,,,,,,,,,,,,,,,,,,,,,,,,,,,,,,
V-04060,1153800,,,,,,,,,,,,,,,,,,,,,,,,,,,,,,
V-02563,1113391,,,,,,,,,,,,,,,,,,,,,,,,,,,,,,
V-00021,25012,,,,,,,,,,,,,,,,,,,,,,,,,,,,,,
V-03812,1148330,,,,,,,,,,,,,,,,,,,,,,,,,,,,,,
V-01578,1064610,,,,,,,,,,,,,,,,,,,,,,,,,,,,,,
V-03079,1128565,,,,,,,,,,,,,,,,,,,,,,,,,,,,,,
V-04789,1185195,,,,,,,,,,,,,,,,,,,,,,,,,,,,,,
V-05024,1188305,,,,,,,,,,,,,,,,,,,,,,,,,,,,,,
V-02812,1114439,,,,,,,,,,,,,,,,,,,,,,,,,,,,,,
V-01985,1044272,,,,,,,,,,,,,,,,,,,,,,,,,,,,,,
V-04389,1178825,,,,,,,,,,,,,,,,,,,,,,,,,,,,,,
V-04006,1152795,,,,,,,,,,,,,,,,,,,,,,,,,,,,,,
V-04267,1175165,,,,,,,,,,,,,,,,,,,,,,,,,,,,,,
V-02119,1023581,,,,,,,,,,,,,,,,,,,,,,,,,,,,,,
V-02071,22442,,,,,,,,,,,,,,,,,,,,,,,,,,,,,,
V-00302,1023378,,,,,,,,,,,,,,,,,,,,,,,,,,,,,,
V-04024,1155186,,,,,,,,,,,,,,,,,,,,,,,,,,,,,,
V-02127,1062299,,,,,,,,,,,,,,,,,,,,,,,,,,,,,,
V-02139,1023508,,,,,,,,,,,,,,,,,,,,,,,,,,,,,,
V-02144,1097760,,,,,,,,,,,,,,,,,,,,,,,,,,,,,,
V-02355,1106552,,,,,,,,,,,,,,,,,,,,,,,,,,,,,,
V-02229,1095424,,,,,,,,,,,,,,,,,,,,,,,,,,,,,,
V-00568,33265,,,,,,,,,,,,,,,,,,,,,,,,,,,,,,
V-02617,1113805,,,,,,,,,,,,,,,,,,,,,,,,,,,,,,
V-03791,1136050,,,,,,,,,,,,,,,,,,,,,,,,,,,,,,
V-04484,1181747,,,,,,,,,,,,,,,,,,,,,,,,,,,,,,
V-04797,1185060,,,,,,,,,,,,,,,,,,,,,,,,,,,,,,
V-03704,1136465,,,,,,,,,,,,,,,,,,,,,,,,,,,,,,
V-00459,34214,,,,,,,,,,,,,,,,,,,,,,,,,,,,,,
V-01733,782165,,,,,,,,,,,,,,,,,,,,,,,,,,,,,,
V-02466,1111498,,,,,,,,,,,,,,,,,,,,,,,,,,,,,,
V-02491,1112388,,,,,,,,,,,,,,,,,,,,,,,,,,,,,,
V-04724,1184635,,,,,,,,,,,,,,,,,,,,,,,,,,,,,,
V-00915,1019700,,,,,,,,,,,,,,,,,,,,,,,,,,,,,,
V-04068,1160300,,,,,,,,,,,,,,,,,,,,,,,,,,,,,,
V-02480,1109437,,,,,,,,,,,,,,,,,,,,,,,,,,,,,,
V-04256,1175115,,,,,,,,,,,,,,,,,,,,,,,,,,,,,,
V-04587,1181991,,,,,,,,,,,,,,,,,,,,,,,,,,,,,,
V-02693,1116314,,,,,,,,,,,,,,,,,,,,,,,,,,,,,,
V-04378,1179980,,,,,,,,,,,,,,,,,,,,,,,,,,,,,,
V-04459,1181305,,,,,,,,,,,,,,,,,,,,,,,,,,,,,,
V-04707,1184605,,,,,,,,,,,,,,,,,,,,,,,,,,,,,,
V-04649,1183615,,,,,,,,,,,,,,,,,,,,,,,,,,,,,,
V-03706,1138995,,,,,,,,,,,,,,,,,,,,,,,,,,,,,,
V-03766,1141150,,,,,,,,,,,,,,,,,,,,,,,,,,,,,,
V-01217,23456,,,,,,,,,,,,,,,,,,,,,,,,,,,,,,
V-04999,1187735,,,,,,,,,,,,,,,,,,,,,,,,,,,,,,
V-03125,1125805,,,,,,,,,,,,,,,,,,,,,,,,,,,,,,
V-03651,1137385,,,,,,,,,,,,,,,,,,,,,,,,,,,,,,
V-00087,1093156,,,,,,,,,,,,,,,,,,,,,,,,,,,,,,
V-04812,1185620,,,,,,,,,,,,,,,,,,,,,,,,,,,,,,
V-04166,1167640,,,,,,,,,,,,,,,,,,,,,,,,,,,,,,
V-00432,1058114,,,,,,,,,,,,,,,,,,,,,,,,,,,,,,
V-5069,1188835,,,,,,,,,,,,,,,,,,,,,,,,,,,,,,
V-03861,1148840,,,,,,,,,,,,,,,,,,,,,,,,,,,,,,
V-5059,1188685,,,,,,,,,,,,,,,,,,,,,,,,,,,,,,
V-00335,38260,,,,,,,,,,,,,,,,,,,,,,,,,,,,,,
V-01496,1023195,,,,,,,,,,,,,,,,,,,,,,,,,,,,,,
V-5033,1188111,,,,,,,,,,,,,,,,,,,,,,,,,,,,,,
V-02455,1094502,,,,,,,,,,,,,,,,,,,,,,,,,,,,,,
V-00300,1021802,,,,,,,,,,,,,,,,,,,,,,,,,,,,,,
V-00433,1044709,,,,,,,,,,,,,,,,,,,,,,,,,,,,,,
V-04896,1186620,,,,,,,,,,,,,,,,,,,,,,,,,,,,,,
V-01808,1023775,,,,,,,,,,,,,,,,,,,,,,,,,,,,,,
V-00506,13387,,,,,,,,,,,,,,,,,,,,,,,,,,,,,,
V-01331,1098639,,,,,,,,,,,,,,,,,,,,,,,,,,,,,,
V-02910,1119830,,,,,,,,,,,,,,,,,,,,,,,,,,,,,,
V-00064,36493,,,,,,,,,,,,,,,,,,,,,,,,,,,,,,
V-02666,1114615,,,,,,,,,,,,,,,,,,,,,,,,,,,,,,
V-00686,37598,,,,,,,,,,,,,,,,,,,,,,,,,,,,,,
V-05026,1188325,,,,,,,,,,,,,,,,,,,,,,,,,,,,,,
V-04760,1185211,,,,,,,,,,,,,,,,,,,,,,,,,,,,,,
V-02302,1107170,,,,,,,,,,,,,,,,,,,,,,,,,,,,,,
V-04858,1186110,,,,,,,,,,,,,,,,,,,,,,,,,,,,,,
V-01410,22381,,,,,,,,,,,,,,,,,,,,,,,,,,,,,,
V-04433,1181145,,,,,,,,,,,,,,,,,,,,,,,,,,,,,,
V-00797,1014690,,,,,,,,,,,,,,,,,,,,,,,,,,,,,,
V-01005,1023177,,,,,,,,,,,,,,,,,,,,,,,,,,,,,,
V-04002,1154635,,,,,,,,,,,,,,,,,,,,,,,,,,,,,,
V-04311,1177910,,,,,,,,,,,,,,,,,,,,,,,,,,,,,,
V-01106,1023991,,,,,,,,,,,,,,,,,,,,,,,,,,,,,,
V-04983,1187420,,,,,,,,,,,,,,,,,,,,,,,,,,,,,,
V-04970,1187405,,,,,,,,,,,,,,,,,,,,,,,,,,,,,,
V-5046,1188635,,,,,,,,,,,,,,,,,,,,,,,,,,,,,,
V-02419,1107427,,,,,,,,,,,,,,,,,,,,,,,,,,,,,,
V-01226,1023218,,,,,,,,,,,,,,,,,,,,,,,,,,,,,,
V-01244,1057631,,,,,,,,,,,,,,,,,,,,,,,,,,,,,,
V-04349,1179405,,,,,,,,,,,,,,,,,,,,,,,,,,,,,,
V-04318,1178355,,,,,,,,,,,,,,,,,,,,,,,,,,,,,,
V-02558,1111048,,,,,,,,,,,,,,,,,,,,,,,,,,,,,,
V-03843,1145031,,,,,,,,,,,,,,,,,,,,,,,,,,,,,,
V-00624,1023225,,,,,,,,,,,,,,,,,,,,,,,,,,,,,,
V-02120,1023275,,,,,,,,,,,,,,,,,,,,,,,,,,,,,,
V-00610,1095034,,,,,,,,,,,,,,,,,,,,,,,,,,,,,,
V-03159,1133355,,,,,,,,,,,,,,,,,,,,,,,,,,,,,,
V-02370,1108046,,,,,,,,,,,,,,,,,,,,,,,,,,,,,,
V-04206,1170280,,,,,,,,,,,,,,,,,,,,,,,,,,,,,,
V-03921,1150335,,,,,,,,,,,,,,,,,,,,,,,,,,,,,,
V-01463,1044821,,,,,,,,,,,,,,,,,,,,,,,,,,,,,,
V-04978,1187641,,,,,,,,,,,,,,,,,,,,,,,,,,,,,,
V-04143,1163650,,,,,,,,,,,,,,,,,,,,,,,,,,,,,,
V-01168,16802,,,,,,,,,,,,,,,,,,,,,,,,,,,,,,
V-02266,1105042,,,,,,,,,,,,,,,,,,,,,,,,,,,,,,
V-04967,1186796,,,,,,,,,,,,,,,,,,,,,,,,,,,,,,
V-01086,13100,,,,,,,,,,,,,,,,,,,,,,,,,,,,,,
V-01429,1023612,,,,,,,,,,,,,,,,,,,,,,,,,,,,,,
V-01818,1056223,,,,,,,,,,,,,,,,,,,,,,,,,,,,,,
V-04865,1186265,,,,,,,,,,,,,,,,,,,,,,,,,,,,,,
V-02973,1120575,,,,,,,,,,,,,,,,,,,,,,,,,,,,,,
V-02020,32904,,,,,,,,,,,,,,,,,,,,,,,,,,,,,,
V-00679,35453,,,,,,,,,,,,,,,,,,,,,,,,,,,,,,
V-01909,1099695,,,,,,,,,,,,,,,,,,,,,,,,,,,,,,
V-04424,1180601,,,,,,,,,,,,,,,,,,,,,,,,,,,,,,
V-03786,1121424,,,,,,,,,,,,,,,,,,,,,,,,,,,,,,
V-02448,1110287,,,,,,,,,,,,,,,,,,,,,,,,,,,,,,
V-00861,1023632,,,,,,,,,,,,,,,,,,,,,,,,,,,,,,
V-02936,1113827,,,,,,,,,,,,,,,,,,,,,,,,,,,,,,
V-03007,1122925,,,,,,,,,,,,,,,,,,,,,,,,,,,,,,
V-00677,20543,,,,,,,,,,,,,,,,,,,,,,,,,,,,,,
V-04358,1179630,,,,,,,,,,,,,,,,,,,,,,,,,,,,,,
V-02514,1112839,,,,,,,,,,,,,,,,,,,,,,,,,,,,,,
V-00441,18104,,,,,,,,,,,,,,,,,,,,,,,,,,,,,,
V-00455,29551,,,,,,,,,,,,,,,,,,,,,,,,,,,,,,
V-03914,1138090,,,,,,,,,,,,,,,,,,,,,,,,,,,,,,
V-02585,1113907,,,,,,,,,,,,,,,,,,,,,,,,,,,,,,
V-00885,1023145,,,,,,,,,,,,,,,,,,,,,,,,,,,,,,
V-00887,1061861,,,,,,,,,,,,,,,,,,,,,,,,,,,,,,
V-04779,1184965,,,,,,,,,,,,,,,,,,,,,,,,,,,,,,
V-00969,1023123,,,,,,,,,,,,,,,,,,,,,,,,,,,,,,
V-04670,1183575,,,,,,,,,,,,,,,,,,,,,,,,,,,,,,
V-04977,1187540,,,,,,,,,,,,,,,,,,,,,,,,,,,,,,
V-04664,1184055,,,,,,,,,,,,,,,,,,,,,,,,,,,,,,
V-03970,1153211,,,,,,,,,,,,,,,,,,,,,,,,,,,,,,
V-03027,1123235,,,,,,,,,,,,,,,,,,,,,,,,,,,,,,
V-04431,1181125,,,,,,,,,,,,,,,,,,,,,,,,,,,,,,
V-04183,1168255,,,,,,,,,,,,,,,,,,,,,,,,,,,,,,
V-02866,1117483,,,,,,,,,,,,,,,,,,,,,,,,,,,,,,
V-04810,1185915,,,,,,,,,,,,,,,,,,,,,,,,,,,,,,
V-02062,1023265,,,,,,,,,,,,,,,,,,,,,,,,,,,,,,
V-04319,1177080,,,,,,,,,,,,,,,,,,,,,,,,,,,,,,
Co_ID,PO ID,,,,,,,,,,,,,,,,,,,,,,,,,,,,,,
V-04204,1171065,,,,,,,,,,,,,,,,,,,,,,,,,,,,,,
V-00041,10983,,,,,,,,,,,,,,,,,,,,,,,,,,,,,,
V-04931,1186895,,,,,,,,,,,,,,,,,,,,,,,,,,,,,,
V-04138,1162590,,,,,,,,,,,,,,,,,,,,,,,,,,,,,,
V-03017,1124605,,,,,,,,,,,,,,,,,,,,,,,,,,,,,,
V-04425,1180570,,,,,,,,,,,,,,,,,,,,,,,,,,,,,,
V-04106,1130350,,,,,,,,,,,,,,,,,,,,,,,,,,,,,,
V-01433,1064945,,,,,,,,,,,,,,,,,,,,,,,,,,,,,,
V-04440,1181270,,,,,,,,,,,,,,,,,,,,,,,,,,,,,,
V-04375,1179775,,,,,,,,,,,,,,,,,,,,,,,,,,,,,,
V-02434,1109863,,,,,,,,,,,,,,,,,,,,,,,,,,,,,,
V-04495,1181275,,,,,,,,,,,,,,,,,,,,,,,,,,,,,,
V-04713,1184785,,,,,,,,,,,,,,,,,,,,,,,,,,,,,,
V-01794,1062186,,,,,,,,,,,,,,,,,,,,,,,,,,,,,,
V-05025,1188195,,,,,,,,,,,,,,,,,,,,,,,,,,,,,,
V-04470,1181030,,,,,,,,,,,,,,,,,,,,,,,,,,,,,,
V-03653,1134646,,,,,,,,,,,,,,,,,,,,,,,,,,,,,,
V-01089,18596,,,,,,,,,,,,,,,,,,,,,,,,,,,,,,
V-03691,1139625,,,,,,,,,,,,,,,,,,,,,,,,,,,,,,
V-01730,1092769,,,,,,,,,,,,,,,,,,,,,,,,,,,,,,
V-01833,1097409,,,,,,,,,,,,,,,,,,,,,,,,,,,,,,
V-04451,1181491,,,,,,,,,,,,,,,,,,,,,,,,,,,,,,
V-04674,1184145,,,,,,,,,,,,,,,,,,,,,,,,,,,,,,
V-04746,1184565,,,,,,,,,,,,,,,,,,,,,,,,,,,,,,
V-04939,1187140,,,,,,,,,,,,,,,,,,,,,,,,,,,,,,
V-03913,1153360,,,,,,,,,,,,,,,,,,,,,,,,,,,,,,
V-00293,1054309,,,,,,,,,,,,,,,,,,,,,,,,,,,,,,
V-04884,1186236,,,,,,,,,,,,,,,,,,,,,,,,,,,,,,
V-01085,15624,,,,,,,,,,,,,,,,,,,,,,,,,,,,,,
V-04339,1179390,,,,,,,,,,,,,,,,,,,,,,,,,,,,,,
V-04581,1187950,,,,,,,,,,,,,,,,,,,,,,,,,,,,,,
V-04774,1185346,,,,,,,,,,,,,,,,,,,,,,,,,,,,,,
V-02333,1104706,,,,,,,,,,,,,,,,,,,,,,,,,,,,,,
V-03912,1150876,,,,,,,,,,,,,,,,,,,,,,,,,,,,,,
V-02833,1117857,,,,,,,,,,,,,,,,,,,,,,,,,,,,,,
V-04456,1180950,,,,,,,,,,,,,,,,,,,,,,,,,,,,,,
V-04376,1179320,,,,,,,,,,,,,,,,,,,,,,,,,,,,,,
V-03652,1116662,,,,,,,,,,,,,,,,,,,,,,,,,,,,,,
V-04662,1180410,,,,,,,,,,,,,,,,,,,,,,,,,,,,,,
V-00550,1064895,,,,,,,,,,,,,,,,,,,,,,,,,,,,,,
V-04392,1180620,,,,,,,,,,,,,,,,,,,,,,,,,,,,,,
V-04047,1157850,,,,,,,,,,,,,,,,,,,,,,,,,,,,,,
V-04361,1179987,,,,,,,,,,,,,,,,,,,,,,,,,,,,,,
V-04625,1183515,,,,,,,,,,,,,,,,,,,,,,,,,,,,,,
V-01079,1024001,,,,,,,,,,,,,,,,,,,,,,,,,,,,,,
V-04415,1181080,,,,,,,,,,,,,,,,,,,,,,,,,,,,,,
V-01482,817378,,,,,,,,,,,,,,,,,,,,,,,,,,,,,,
V-04242,1174145,,,,,,,,,,,,,,,,,,,,,,,,,,,,,,
V-04669,1184280,,,,,,,,,,,,,,,,,,,,,,,,,,,,,,
V-01683,1095337,,,,,,,,,,,,,,,,,,,,,,,,,,,,,,
V-03090,1118769,,,,,,,,,,,,,,,,,,,,,,,,,,,,,,
V-04869,1185485,,,,,,,,,,,,,,,,,,,,,,,,,,,,,,
V-04292,1176730,,,,,,,,,,,,,,,,,,,,,,,,,,,,,,
V-03715,1140775,,,,,,,,,,,,,,,,,,,,,,,,,,,,,,
V-03681,1137059,,,,,,,,,,,,,,,,,,,,,,,,,,,,,,
V-03053,1121856,,,,,,,,,,,,,,,,,,,,,,,,,,,,,,
V-03814,1148770,,,,,,,,,,,,,,,,,,,,,,,,,,,,,,
V-04668,1184225,,,,,,,,,,,,,,,,,,,,,,,,,,,,,,
V-01553,16826,,,,,,,,,,,,,,,,,,,,,,,,,,,,,,
V-04913,1186725,,,,,,,,,,,,,,,,,,,,,,,,,,,,,,
V-04680,1184365,,,,,,,,,,,,,,,,,,,,,,,,,,,,,,
V-03717,1122416,,,,,,,,,,,,,,,,,,,,,,,,,,,,,,
V-03965,1152882,,,,,,,,,,,,,,,,,,,,,,,,,,,,,,
V-00972,1023824,,,,,,,,,,,,,,,,,,,,,,,,,,,,,,
V-04607,1183445,,,,,,,,,,,,,,,,,,,,,,,,,,,,,,
V-04320,1177337,,,,,,,,,,,,,,,,,,,,,,,,,,,,,,
V-01124,11243,,,,,,,,,,,,,,,,,,,,,,,,,,,,,,
V-01044,1023969,,,,,,,,,,,,,,,,,,,,,,,,,,,,,,
V-02601,1109696,,,,,,,,,,,,,,,,,,,,,,,,,,,,,,
V-04259,1174675,,,,,,,,,,,,,,,,,,,,,,,,,,,,,,
V-03617,1119285,,,,,,,,,,,,,,,,,,,,,,,,,,,,,,
V-02990,1121870,,,,,,,,,,,,,,,,,,,,,,,,,,,,,,
V-04130,1163680,,,,,,,,,,,,,,,,,,,,,,,,,,,,,,
V-00489,1060776,,,,,,,,,,,,,,,,,,,,,,,,,,,,,,
V-04948,1187045,,,,,,,,,,,,,,,,,,,,,,,,,,,,,,
V-00540,17297,,,,,,,,,,,,,,,,,,,,,,,,,,,,,,
V-04946,1187020,,,,,,,,,,,,,,,,,,,,,,,,,,,,,,
V-5032,1187620,,,,,,,,,,,,,,,,,,,,,,,,,,,,,,
V-00652,29078,,,,,,,,,,,,,,,,,,,,,,,,,,,,,,
V-04524,1181905,,,,,,,,,,,,,,,,,,,,,,,,,,,,,,
V-04787,1185315,,,,,,,,,,,,,,,,,,,,,,,,,,,,,,
V-00385,1023852,,,,,,,,,,,,,,,,,,,,,,,,,,,,,,
V-04402,1180740,,,,,,,,,,,,,,,,,,,,,,,,,,,,,,
V-03746,1141830,,,,,,,,,,,,,,,,,,,,,,,,,,,,,,
V-04950,1186880,,,,,,,,,,,,,,,,,,,,,,,,,,,,,,
V-04277,1000849,,,,,,,,,,,,,,,,,,,,,,,,,,,,,,
V-04467,1181436,,,,,,,,,,,,,,,,,,,,,,,,,,,,,,
V-01335,1057676,,,,,,,,,,,,,,,,,,,,,,,,,,,,,,
V-04388,1179385,,,,,,,,,,,,,,,,,,,,,,,,,,,,,,
V-02040,1023809,,,,,,,,,,,,,,,,,,,,,,,,,,,,,,
V-5085,1189010,,,,,,,,,,,,,,,,,,,,,,,,,,,,,,
V-04747,1185245,,,,,,,,,,,,,,,,,,,,,,,,,,,,,,
V-04673,1184315,,,,,,,,,,,,,,,,,,,,,,,,,,,,,,
V-01123,33516,,,,,,,,,,,,,,,,,,,,,,,,,,,,,,
V-04542,1182681,,,,,,,,,,,,,,,,,,,,,,,,,,,,,,
V-04516,1181910,,,,,,,,,,,,,,,,,,,,,,,,,,,,,,
V-03024,1122101,,,,,,,,,,,,,,,,,,,,,,,,,,,,,,
V-02875,1116050,,,,,,,,,,,,,,,,,,,,,,,,,,,,,,
V-05007,1188130,,,,,,,,,,,,,,,,,,,,,,,,,,,,,,
V-00130,1023278,,,,,,,,,,,,,,,,,,,,,,,,,,,,,,
V-01675,1057101,,,,,,,,,,,,,,,,,,,,,,,,,,,,,,
V-04434,1179255,,,,,,,,,,,,,,,,,,,,,,,,,,,,,,
V-00958,22778,,,,,,,,,,,,,,,,,,,,,,,,,,,,,,
V-04798,1185220,,,,,,,,,,,,,,,,,,,,,,,,,,,,,,
V-04651,1184005,,,,,,,,,,,,,,,,,,,,,,,,,,,,,,
V-01718,1023743,,,,,,,,,,,,,,,,,,,,,,,,,,,,,,
V-04521,1181035,,,,,,,,,,,,,,,,,,,,,,,,,,,,,,
V-00418,38980,,,,,,,,,,,,,,,,,,,,,,,,,,,,,,
V-03616,1132880,,,,,,,,,,,,,,,,,,,,,,,,,,,,,,
V-04679,1184290,,,,,,,,,,,,,,,,,,,,,,,,,,,,,,
V-04806,1185750,,,,,,,,,,,,,,,,,,,,,,,,,,,,,,
V-04699,1184230,,,,,,,,,,,,,,,,,,,,,,,,,,,,,,
V-01987,1023538,,,,,,,,,,,,,,,,,,,,,,,,,,,,,,
V-01988,1023552,,,,,,,,,,,,,,,,,,,,,,,,,,,,,,
V-04485,1180630,,,,,,,,,,,,,,,,,,,,,,,,,,,,,,
V-04561,1181645,,,,,,,,,,,,,,,,,,,,,,,,,,,,,,
V-04421,1180840,,,,,,,,,,,,,,,,,,,,,,,,,,,,,,
V-02046,1050964,,,,,,,,,,,,,,,,,,,,,,,,,,,,,,
V-03868,1147385,,,,,,,,,,,,,,,,,,,,,,,,,,,,,,
V-01875,14569,,,,,,,,,,,,,,,,,,,,,,,,,,,,,,
V-04624,1183196,,,,,,,,,,,,,,,,,,,,,,,,,,,,,,
V-02065,1099342,,,,,,,,,,,,,,,,,,,,,,,,,,,,,,
V-00309,1052334,,,,,,,,,,,,,,,,,,,,,,,,,,,,,,
V-04565,1182960,,,,,,,,,,,,,,,,,,,,,,,,,,,,,,
V-04390,1180051,,,,,,,,,,,,,,,,,,,,,,,,,,,,,,
V-02744,1115369,,,,,,,,,,,,,,,,,,,,,,,,,,,,,,
V-04814,1185615,,,,,,,,,,,,,,,,,,,,,,,,,,,,,,
V-03927,1023697,,,,,,,,,,,,,,,,,,,,,,,,,,,,,,
V-04536,1182370,,,,,,,,,,,,,,,,,,,,,,,,,,,,,,
V-04655,1184070,,,,,,,,,,,,,,,,,,,,,,,,,,,,,,
V-5071,1188745,,,,,,,,,,,,,,,,,,,,,,,,,,,,,,
V-01323,1089804,,,,,,,,,,,,,,,,,,,,,,,,,,,,,,
V-01353,11587,,,,,,,,,,,,,,,,,,,,,,,,,,,,,,
V-04262,1173415,,,,,,,,,,,,,,,,,,,,,,,,,,,,,,
V-01320,22292,,,,,,,,,,,,,,,,,,,,,,,,,,,,,,
V-04198,1167685,,,,,,,,,,,,,,,,,,,,,,,,,,,,,,
V-02727,1112197,,,,,,,,,,,,,,,,,,,,,,,,,,,,,,
